"COUNTRY","Country","SERIES","Series","TIME","Time","Unit Code","Unit","PowerCode Code","PowerCode","Reference Period Code","Reference Period","Value","Flag Codes","Flags"
"AUS","Australia","CPNCU","Current prices in NCU","2000","2000","AUD","Australian Dollar","0","Units",,,46246.8687311857,,
"AUS","Australia","CPNCU","Current prices in NCU","2001","2001","AUD","Australian Dollar","0","Units",,,48315.9823911002,,
"AUS","Australia","CPNCU","Current prices in NCU","2002","2002","AUD","Australian Dollar","0","Units",,,50052.7581021241,,
"AUS","Australia","CPNCU","Current prices in NCU","2003","2003","AUD","Australian Dollar","0","Units",,,51798.5866440082,,
"AUS","Australia","CPNCU","Current prices in NCU","2004","2004","AUD","Australian Dollar","0","Units",,,54199.4027107654,,
"AUS","Australia","CPNCU","Current prices in NCU","2005","2005","AUD","Australian Dollar","0","Units",,,56019,,
"AUS","Australia","CPNCU","Current prices in NCU","2006","2006","AUD","Australian Dollar","0","Units",,,58403,,
"AUS","Australia","CPNCU","Current prices in NCU","2007","2007","AUD","Australian Dollar","0","Units",,,61884,,
"AUS","Australia","CPNCU","Current prices in NCU","2008","2008","AUD","Australian Dollar","0","Units",,,64344,,
"AUS","Australia","CPNCU","Current prices in NCU","2009","2009","AUD","Australian Dollar","0","Units",,,65362,,
"AUS","Australia","CPNCU","Current prices in NCU","2010","2010","AUD","Australian Dollar","0","Units",,,69110,,
"AUS","Australia","CPNCU","Current prices in NCU","2011","2011","AUD","Australian Dollar","0","Units",,,72979,,
"AUS","Australia","CPNCU","Current prices in NCU","2012","2012","AUD","Australian Dollar","0","Units",,,75149,,
"AUS","Australia","CPNCU","Current prices in NCU","2013","2013","AUD","Australian Dollar","0","Units",,,76598,,
"AUS","Australia","CPNCU","Current prices in NCU","2014","2014","AUD","Australian Dollar","0","Units",,,78667,,
"AUS","Australia","CPNCU","Current prices in NCU","2015","2015","AUD","Australian Dollar","0","Units",,,79207,,
"AUS","Australia","CPNCU","Current prices in NCU","2016","2016","AUD","Australian Dollar","0","Units",,,80058,,
"AUS","Australia","CPNCU","Current prices in NCU","2017","2017","AUD","Australian Dollar","0","Units",,,80683,,
"AUS","Australia","CPNCU","Current prices in NCU","2018","2018","AUD","Australian Dollar","0","Units",,,82277,,
"AUS","Australia","CPNCU","Current prices in NCU","2019","2019","AUD","Australian Dollar","0","Units",,,84752,,
"AUS","Australia","CPNCU","Current prices in NCU","2020","2020","AUD","Australian Dollar","0","Units",,,88031,,
"AUS","Australia","CPNCU","Current prices in NCU","2021","2021","AUD","Australian Dollar","0","Units",,,89954.8099759706,,
"AUS","Australia","CPNCU","Current prices in NCU","2022","2022","AUD","Australian Dollar","0","Units",,,92690.203390536,,
"AUT","Austria","CPNCU","Current prices in NCU","2000","2000","EUR","Euro","0","Units",,,27932.1336265057,,
"AUT","Austria","CPNCU","Current prices in NCU","2001","2001","EUR","Euro","0","Units",,,28498.9057915159,,
"AUT","Austria","CPNCU","Current prices in NCU","2002","2002","EUR","Euro","0","Units",,,29233.9134340208,,
"AUT","Austria","CPNCU","Current prices in NCU","2003","2003","EUR","Euro","0","Units",,,29752.7344956555,,
"AUT","Austria","CPNCU","Current prices in NCU","2004","2004","EUR","Euro","0","Units",,,30832.2355611196,,
"AUT","Austria","CPNCU","Current prices in NCU","2005","2005","EUR","Euro","0","Units",,,31756,,
"AUT","Austria","CPNCU","Current prices in NCU","2006","2006","EUR","Euro","0","Units",,,32905,,
"AUT","Austria","CPNCU","Current prices in NCU","2007","2007","EUR","Euro","0","Units",,,33916,,
"AUT","Austria","CPNCU","Current prices in NCU","2008","2008","EUR","Euro","0","Units",,,35212,,
"AUT","Austria","CPNCU","Current prices in NCU","2009","2009","EUR","Euro","0","Units",,,35928,,
"AUT","Austria","CPNCU","Current prices in NCU","2010","2010","EUR","Euro","0","Units",,,36381,,
"AUT","Austria","CPNCU","Current prices in NCU","2011","2011","EUR","Euro","0","Units",,,37126,,
"AUT","Austria","CPNCU","Current prices in NCU","2012","2012","EUR","Euro","0","Units",,,38213,,
"AUT","Austria","CPNCU","Current prices in NCU","2013","2013","EUR","Euro","0","Units",,,39050,,
"AUT","Austria","CPNCU","Current prices in NCU","2014","2014","EUR","Euro","0","Units",,,39986,,
"AUT","Austria","CPNCU","Current prices in NCU","2015","2015","EUR","Euro","0","Units",,,40841,,
"AUT","Austria","CPNCU","Current prices in NCU","2016","2016","EUR","Euro","0","Units",,,41842,,
"AUT","Austria","CPNCU","Current prices in NCU","2017","2017","EUR","Euro","0","Units",,,42566,,
"AUT","Austria","CPNCU","Current prices in NCU","2018","2018","EUR","Euro","0","Units",,,43582,,
"AUT","Austria","CPNCU","Current prices in NCU","2019","2019","EUR","Euro","0","Units",,,44707,,
"AUT","Austria","CPNCU","Current prices in NCU","2020","2020","EUR","Euro","0","Units",,,45409,,
"AUT","Austria","CPNCU","Current prices in NCU","2021","2021","EUR","Euro","0","Units",,,47009.1290667702,,
"AUT","Austria","CPNCU","Current prices in NCU","2022","2022","EUR","Euro","0","Units",,,49199.1124324615,,
"BEL","Belgium","CPNCU","Current prices in NCU","2000","2000","EUR","Euro","0","Units",,,31015.7220412343,,
"BEL","Belgium","CPNCU","Current prices in NCU","2001","2001","EUR","Euro","0","Units",,,31832.9668339589,,
"BEL","Belgium","CPNCU","Current prices in NCU","2002","2002","EUR","Euro","0","Units",,,32995.242721992,,
"BEL","Belgium","CPNCU","Current prices in NCU","2003","2003","EUR","Euro","0","Units",,,33687.8092076228,,
"BEL","Belgium","CPNCU","Current prices in NCU","2004","2004","EUR","Euro","0","Units",,,34349.0454703934,,
"BEL","Belgium","CPNCU","Current prices in NCU","2005","2005","EUR","Euro","0","Units",,,34995,,
"BEL","Belgium","CPNCU","Current prices in NCU","2006","2006","EUR","Euro","0","Units",,,36204,,
"BEL","Belgium","CPNCU","Current prices in NCU","2007","2007","EUR","Euro","0","Units",,,37106,,
"BEL","Belgium","CPNCU","Current prices in NCU","2008","2008","EUR","Euro","0","Units",,,38448,,
"BEL","Belgium","CPNCU","Current prices in NCU","2009","2009","EUR","Euro","0","Units",,,38664,,
"BEL","Belgium","CPNCU","Current prices in NCU","2010","2010","EUR","Euro","0","Units",,,39208,,
"BEL","Belgium","CPNCU","Current prices in NCU","2011","2011","EUR","Euro","0","Units",,,40740,,
"BEL","Belgium","CPNCU","Current prices in NCU","2012","2012","EUR","Euro","0","Units",,,41897,,
"BEL","Belgium","CPNCU","Current prices in NCU","2013","2013","EUR","Euro","0","Units",,,42763,,
"BEL","Belgium","CPNCU","Current prices in NCU","2014","2014","EUR","Euro","0","Units",,,43323,,
"BEL","Belgium","CPNCU","Current prices in NCU","2015","2015","EUR","Euro","0","Units",,,43398,,
"BEL","Belgium","CPNCU","Current prices in NCU","2016","2016","EUR","Euro","0","Units",,,44153,,
"BEL","Belgium","CPNCU","Current prices in NCU","2017","2017","EUR","Euro","0","Units",,,44684,,
"BEL","Belgium","CPNCU","Current prices in NCU","2018","2018","EUR","Euro","0","Units",,,45847,,
"BEL","Belgium","CPNCU","Current prices in NCU","2019","2019","EUR","Euro","0","Units",,,46946,,
"BEL","Belgium","CPNCU","Current prices in NCU","2020","2020","EUR","Euro","0","Units",,,45894,,
"BEL","Belgium","CPNCU","Current prices in NCU","2021","2021","EUR","Euro","0","Units",,,48395.2519132494,,
"BEL","Belgium","CPNCU","Current prices in NCU","2022","2022","EUR","Euro","0","Units",,,52035.0680129385,,
"CAN","Canada","CPNCU","Current prices in NCU","2000","2000","CAD","Canadian Dollar","0","Units",,,43474.8931344361,,
"CAN","Canada","CPNCU","Current prices in NCU","2001","2001","CAD","Canadian Dollar","0","Units",,,44199.038688698,,
"CAN","Canada","CPNCU","Current prices in NCU","2002","2002","CAD","Canadian Dollar","0","Units",,,44699.599136113,,
"CAN","Canada","CPNCU","Current prices in NCU","2003","2003","CAD","Canadian Dollar","0","Units",,,45470.7069000892,,
"CAN","Canada","CPNCU","Current prices in NCU","2004","2004","CAD","Canadian Dollar","0","Units",,,47157.5337034671,,
"CAN","Canada","CPNCU","Current prices in NCU","2005","2005","CAD","Canadian Dollar","0","Units",,,49312,,
"CAN","Canada","CPNCU","Current prices in NCU","2006","2006","CAD","Canadian Dollar","0","Units",,,51447,,
"CAN","Canada","CPNCU","Current prices in NCU","2007","2007","CAD","Canadian Dollar","0","Units",,,53632,,
"CAN","Canada","CPNCU","Current prices in NCU","2008","2008","CAD","Canadian Dollar","0","Units",,,55383,,
"CAN","Canada","CPNCU","Current prices in NCU","2009","2009","CAD","Canadian Dollar","0","Units",,,55833,,
"CAN","Canada","CPNCU","Current prices in NCU","2010","2010","CAD","Canadian Dollar","0","Units",,,56680,,
"CAN","Canada","CPNCU","Current prices in NCU","2011","2011","CAD","Canadian Dollar","0","Units",,,58573,,
"CAN","Canada","CPNCU","Current prices in NCU","2012","2012","CAD","Canadian Dollar","0","Units",,,60032,,
"CAN","Canada","CPNCU","Current prices in NCU","2013","2013","CAD","Canadian Dollar","0","Units",,,61477,,
"CAN","Canada","CPNCU","Current prices in NCU","2014","2014","CAD","Canadian Dollar","0","Units",,,63485,,
"CAN","Canada","CPNCU","Current prices in NCU","2015","2015","CAD","Canadian Dollar","0","Units",,,64611,,
"CAN","Canada","CPNCU","Current prices in NCU","2016","2016","CAD","Canadian Dollar","0","Units",,,63913,,
"CAN","Canada","CPNCU","Current prices in NCU","2017","2017","CAD","Canadian Dollar","0","Units",,,65499,,
"CAN","Canada","CPNCU","Current prices in NCU","2018","2018","CAD","Canadian Dollar","0","Units",,,67709,,
"CAN","Canada","CPNCU","Current prices in NCU","2019","2019","CAD","Canadian Dollar","0","Units",,,69204,,
"CAN","Canada","CPNCU","Current prices in NCU","2020","2020","CAD","Canadian Dollar","0","Units",,,73181,,
"CAN","Canada","CPNCU","Current prices in NCU","2021","2021","CAD","Canadian Dollar","0","Units",,,75812.2282325702,,
"CAN","Canada","CPNCU","Current prices in NCU","2022","2022","CAD","Canadian Dollar","0","Units",,,79362.1897035278,,
"CZE","Czech Republic","CPNCU","Current prices in NCU","2000","2000","CZK","Czech Koruna","0","Units",,,173858.189267599,,
"CZE","Czech Republic","CPNCU","Current prices in NCU","2001","2001","CZK","Czech Koruna","0","Units",,,189208.928961025,,
"CZE","Czech Republic","CPNCU","Current prices in NCU","2002","2002","CZK","Czech Koruna","0","Units",,,203271.197541506,,
"CZE","Czech Republic","CPNCU","Current prices in NCU","2003","2003","CZK","Czech Koruna","0","Units",,,219031.497532813,,
"CZE","Czech Republic","CPNCU","Current prices in NCU","2004","2004","CZK","Czech Koruna","0","Units",,,236759.024654438,,
"CZE","Czech Republic","CPNCU","Current prices in NCU","2005","2005","CZK","Czech Koruna","0","Units",,,246457,,
"CZE","Czech Republic","CPNCU","Current prices in NCU","2006","2006","CZK","Czech Koruna","0","Units",,,260860,,
"CZE","Czech Republic","CPNCU","Current prices in NCU","2007","2007","CZK","Czech Koruna","0","Units",,,276549,,
"CZE","Czech Republic","CPNCU","Current prices in NCU","2008","2008","CZK","Czech Koruna","0","Units",,,290845,,
"CZE","Czech Republic","CPNCU","Current prices in NCU","2009","2009","CZK","Czech Koruna","0","Units",,,292235,,
"CZE","Czech Republic","CPNCU","Current prices in NCU","2010","2010","CZK","Czech Koruna","0","Units",,,302630,,
"CZE","Czech Republic","CPNCU","Current prices in NCU","2011","2011","CZK","Czech Koruna","0","Units",,,310326,,
"CZE","Czech Republic","CPNCU","Current prices in NCU","2012","2012","CZK","Czech Koruna","0","Units",,,317578,,
"CZE","Czech Republic","CPNCU","Current prices in NCU","2013","2013","CZK","Czech Koruna","0","Units",,,317804,,
"CZE","Czech Republic","CPNCU","Current prices in NCU","2014","2014","CZK","Czech Koruna","0","Units",,,327251,,
"CZE","Czech Republic","CPNCU","Current prices in NCU","2015","2015","CZK","Czech Koruna","0","Units",,,336882,,
"CZE","Czech Republic","CPNCU","Current prices in NCU","2016","2016","CZK","Czech Koruna","0","Units",,,350193,,
"CZE","Czech Republic","CPNCU","Current prices in NCU","2017","2017","CZK","Czech Koruna","0","Units",,,376657,,
"CZE","Czech Republic","CPNCU","Current prices in NCU","2018","2018","CZK","Czech Koruna","0","Units",,,406614,,
"CZE","Czech Republic","CPNCU","Current prices in NCU","2019","2019","CZK","Czech Koruna","0","Units",,,435463,,
"CZE","Czech Republic","CPNCU","Current prices in NCU","2020","2020","CZK","Czech Koruna","0","Units",,,441649,,
"CZE","Czech Republic","CPNCU","Current prices in NCU","2021","2021","CZK","Czech Koruna","0","Units",,,463471.18428897,,
"CZE","Czech Republic","CPNCU","Current prices in NCU","2022","2022","CZK","Czech Koruna","0","Units",,,496137.156392042,,
"DNK","Denmark","CPNCU","Current prices in NCU","2000","2000","DKK","Danish Krone","0","Units",,,267667.703995458,,
"DNK","Denmark","CPNCU","Current prices in NCU","2001","2001","DKK","Danish Krone","0","Units",,,275588.525565928,,
"DNK","Denmark","CPNCU","Current prices in NCU","2002","2002","DKK","Danish Krone","0","Units",,,287080.997415255,,
"DNK","Denmark","CPNCU","Current prices in NCU","2003","2003","DKK","Danish Krone","0","Units",,,297692.33858637,,
"DNK","Denmark","CPNCU","Current prices in NCU","2004","2004","DKK","Danish Krone","0","Units",,,307920.147467079,,
"DNK","Denmark","CPNCU","Current prices in NCU","2005","2005","DKK","Danish Krone","0","Units",,,318542,,
"DNK","Denmark","CPNCU","Current prices in NCU","2006","2006","DKK","Danish Krone","0","Units",,,331041,,
"DNK","Denmark","CPNCU","Current prices in NCU","2007","2007","DKK","Danish Krone","0","Units",,,340566,,
"DNK","Denmark","CPNCU","Current prices in NCU","2008","2008","DKK","Danish Krone","0","Units",,,355043,,
"DNK","Denmark","CPNCU","Current prices in NCU","2009","2009","DKK","Danish Krone","0","Units",,,368250,,
"DNK","Denmark","CPNCU","Current prices in NCU","2010","2010","DKK","Danish Krone","0","Units",,,381589,,
"DNK","Denmark","CPNCU","Current prices in NCU","2011","2011","DKK","Danish Krone","0","Units",,,388492,,
"DNK","Denmark","CPNCU","Current prices in NCU","2012","2012","DKK","Danish Krone","0","Units",,,397056,,
"DNK","Denmark","CPNCU","Current prices in NCU","2013","2013","DKK","Danish Krone","0","Units",,,403070,,
"DNK","Denmark","CPNCU","Current prices in NCU","2014","2014","DKK","Danish Krone","0","Units",,,413241,,
"DNK","Denmark","CPNCU","Current prices in NCU","2015","2015","DKK","Danish Krone","0","Units",,,422157,,
"DNK","Denmark","CPNCU","Current prices in NCU","2016","2016","DKK","Danish Krone","0","Units",,,423103,,
"DNK","Denmark","CPNCU","Current prices in NCU","2017","2017","DKK","Danish Krone","0","Units",,,430046,,
"DNK","Denmark","CPNCU","Current prices in NCU","2018","2018","DKK","Danish Krone","0","Units",,,435962,,
"DNK","Denmark","CPNCU","Current prices in NCU","2019","2019","DKK","Danish Krone","0","Units",,,442956,,
"DNK","Denmark","CPNCU","Current prices in NCU","2020","2020","DKK","Danish Krone","0","Units",,,451336,,
"DNK","Denmark","CPNCU","Current prices in NCU","2021","2021","DKK","Danish Krone","0","Units",,,462683.583331694,,
"DNK","Denmark","CPNCU","Current prices in NCU","2022","2022","DKK","Danish Krone","0","Units",,,478960.446853077,,
"FIN","Finland","CPNCU","Current prices in NCU","2000","2000","EUR","Euro","0","Units",,,26597.2142706544,,
"FIN","Finland","CPNCU","Current prices in NCU","2001","2001","EUR","Euro","0","Units",,,27458.6629584355,,
"FIN","Finland","CPNCU","Current prices in NCU","2002","2002","EUR","Euro","0","Units",,,28058.4744264674,,
"FIN","Finland","CPNCU","Current prices in NCU","2003","2003","EUR","Euro","0","Units",,,28876.4240480964,,
"FIN","Finland","CPNCU","Current prices in NCU","2004","2004","EUR","Euro","0","Units",,,29903.5656230406,,
"FIN","Finland","CPNCU","Current prices in NCU","2005","2005","EUR","Euro","0","Units",,,30869,,
"FIN","Finland","CPNCU","Current prices in NCU","2006","2006","EUR","Euro","0","Units",,,31945,,
"FIN","Finland","CPNCU","Current prices in NCU","2007","2007","EUR","Euro","0","Units",,,32996,,
"FIN","Finland","CPNCU","Current prices in NCU","2008","2008","EUR","Euro","0","Units",,,34412,,
"FIN","Finland","CPNCU","Current prices in NCU","2009","2009","EUR","Euro","0","Units",,,35363,,
"FIN","Finland","CPNCU","Current prices in NCU","2010","2010","EUR","Euro","0","Units",,,36368,,
"FIN","Finland","CPNCU","Current prices in NCU","2011","2011","EUR","Euro","0","Units",,,37583,,
"FIN","Finland","CPNCU","Current prices in NCU","2012","2012","EUR","Euro","0","Units",,,38673,,
"FIN","Finland","CPNCU","Current prices in NCU","2013","2013","EUR","Euro","0","Units",,,39219,,
"FIN","Finland","CPNCU","Current prices in NCU","2014","2014","EUR","Euro","0","Units",,,39707,,
"FIN","Finland","CPNCU","Current prices in NCU","2015","2015","EUR","Euro","0","Units",,,40202,,
"FIN","Finland","CPNCU","Current prices in NCU","2016","2016","EUR","Euro","0","Units",,,40638,,
"FIN","Finland","CPNCU","Current prices in NCU","2017","2017","EUR","Euro","0","Units",,,40820,,
"FIN","Finland","CPNCU","Current prices in NCU","2018","2018","EUR","Euro","0","Units",,,41651,,
"FIN","Finland","CPNCU","Current prices in NCU","2019","2019","EUR","Euro","0","Units",,,42497,,
"FIN","Finland","CPNCU","Current prices in NCU","2020","2020","EUR","Euro","0","Units",,,42827,,
"FIN","Finland","CPNCU","Current prices in NCU","2021","2021","EUR","Euro","0","Units",,,45033.7268036175,,
"FIN","Finland","CPNCU","Current prices in NCU","2022","2022","EUR","Euro","0","Units",,,46671.6448874915,,
"FRA","France","CPNCU","Current prices in NCU","2000","2000","EUR","Euro","0","Units",,,25605.9919617516,,
"FRA","France","CPNCU","Current prices in NCU","2001","2001","EUR","Euro","0","Units",,,26275.3595068569,,
"FRA","France","CPNCU","Current prices in NCU","2002","2002","EUR","Euro","0","Units",,,27212.3280722708,,
"FRA","France","CPNCU","Current prices in NCU","2003","2003","EUR","Euro","0","Units",,,27902.0407226641,,
"FRA","France","CPNCU","Current prices in NCU","2004","2004","EUR","Euro","0","Units",,,28961.5651237041,,
"FRA","France","CPNCU","Current prices in NCU","2005","2005","EUR","Euro","0","Units",,,29846,,
"FRA","France","CPNCU","Current prices in NCU","2006","2006","EUR","Euro","0","Units",,,30833,,
"FRA","France","CPNCU","Current prices in NCU","2007","2007","EUR","Euro","0","Units",,,31601,,
"FRA","France","CPNCU","Current prices in NCU","2008","2008","EUR","Euro","0","Units",,,32409,,
"FRA","France","CPNCU","Current prices in NCU","2009","2009","EUR","Euro","0","Units",,,32944,,
"FRA","France","CPNCU","Current prices in NCU","2010","2010","EUR","Euro","0","Units",,,33976,,
"FRA","France","CPNCU","Current prices in NCU","2011","2011","EUR","Euro","0","Units",,,34539,,
"FRA","France","CPNCU","Current prices in NCU","2012","2012","EUR","Euro","0","Units",,,35257,,
"FRA","France","CPNCU","Current prices in NCU","2013","2013","EUR","Euro","0","Units",,,35801,,
"FRA","France","CPNCU","Current prices in NCU","2014","2014","EUR","Euro","0","Units",,,36088,,
"FRA","France","CPNCU","Current prices in NCU","2015","2015","EUR","Euro","0","Units",,,36535,,
"FRA","France","CPNCU","Current prices in NCU","2016","2016","EUR","Euro","0","Units",,,37049,,
"FRA","France","CPNCU","Current prices in NCU","2017","2017","EUR","Euro","0","Units",,,37867,,
"FRA","France","CPNCU","Current prices in NCU","2018","2018","EUR","Euro","0","Units",,,38454,,
"FRA","France","CPNCU","Current prices in NCU","2019","2019","EUR","Euro","0","Units",,,39152,,
"FRA","France","CPNCU","Current prices in NCU","2020","2020","EUR","Euro","0","Units",,,37605,,
"FRA","France","CPNCU","Current prices in NCU","2021","2021","EUR","Euro","0","Units",,,39663.0742689855,,
"FRA","France","CPNCU","Current prices in NCU","2022","2022","EUR","Euro","0","Units",,,41705.6523785286,,
"DEU","Germany","CPNCU","Current prices in NCU","2000","2000","EUR","Euro","0","Units",,,27993.2155365741,,
"DEU","Germany","CPNCU","Current prices in NCU","2001","2001","EUR","Euro","0","Units",,,28786.8606800582,,
"DEU","Germany","CPNCU","Current prices in NCU","2002","2002","EUR","Euro","0","Units",,,29328.4779857489,,
"DEU","Germany","CPNCU","Current prices in NCU","2003","2003","EUR","Euro","0","Units",,,29861.6756714718,,
"DEU","Germany","CPNCU","Current prices in NCU","2004","2004","EUR","Euro","0","Units",,,30179.4977325794,,
"DEU","Germany","CPNCU","Current prices in NCU","2005","2005","EUR","Euro","0","Units",,,30618,,
"DEU","Germany","CPNCU","Current prices in NCU","2006","2006","EUR","Euro","0","Units",,,31006,,
"DEU","Germany","CPNCU","Current prices in NCU","2007","2007","EUR","Euro","0","Units",,,31490,,
"DEU","Germany","CPNCU","Current prices in NCU","2008","2008","EUR","Euro","0","Units",,,32252,,
"DEU","Germany","CPNCU","Current prices in NCU","2009","2009","EUR","Euro","0","Units",,,32278,,
"DEU","Germany","CPNCU","Current prices in NCU","2010","2010","EUR","Euro","0","Units",,,33101,,
"DEU","Germany","CPNCU","Current prices in NCU","2011","2011","EUR","Euro","0","Units",,,34366,,
"DEU","Germany","CPNCU","Current prices in NCU","2012","2012","EUR","Euro","0","Units",,,35305,,
"DEU","Germany","CPNCU","Current prices in NCU","2013","2013","EUR","Euro","0","Units",,,36132,,
"DEU","Germany","CPNCU","Current prices in NCU","2014","2014","EUR","Euro","0","Units",,,37070,,
"DEU","Germany","CPNCU","Current prices in NCU","2015","2015","EUR","Euro","0","Units",,,38131,,
"DEU","Germany","CPNCU","Current prices in NCU","2016","2016","EUR","Euro","0","Units",,,38988,,
"DEU","Germany","CPNCU","Current prices in NCU","2017","2017","EUR","Euro","0","Units",,,39992,,
"DEU","Germany","CPNCU","Current prices in NCU","2018","2018","EUR","Euro","0","Units",,,41150,,
"DEU","Germany","CPNCU","Current prices in NCU","2019","2019","EUR","Euro","0","Units",,,42376,,
"DEU","Germany","CPNCU","Current prices in NCU","2020","2020","EUR","Euro","0","Units",,,42330,,
"DEU","Germany","CPNCU","Current prices in NCU","2021","2021","EUR","Euro","0","Units",,,43628.4539913455,,
"DEU","Germany","CPNCU","Current prices in NCU","2022","2022","EUR","Euro","0","Units",,,45457.1888504274,,
"GRC","Greece","CPNCU","Current prices in NCU","2000","2000","EUR","Euro","0","Units",,,13901.5875162704,,
"GRC","Greece","CPNCU","Current prices in NCU","2001","2001","EUR","Euro","0","Units",,,14597.7134831297,,
"GRC","Greece","CPNCU","Current prices in NCU","2002","2002","EUR","Euro","0","Units",,,16273.883665849,,
"GRC","Greece","CPNCU","Current prices in NCU","2003","2003","EUR","Euro","0","Units",,,17418.7138737669,,
"GRC","Greece","CPNCU","Current prices in NCU","2004","2004","EUR","Euro","0","Units",,,18324.1733561354,,
"GRC","Greece","CPNCU","Current prices in NCU","2005","2005","EUR","Euro","0","Units",,,18805,,
"GRC","Greece","CPNCU","Current prices in NCU","2006","2006","EUR","Euro","0","Units",,,19643,,
"GRC","Greece","CPNCU","Current prices in NCU","2007","2007","EUR","Euro","0","Units",,,20363,,
"GRC","Greece","CPNCU","Current prices in NCU","2008","2008","EUR","Euro","0","Units",,,20916,,
"GRC","Greece","CPNCU","Current prices in NCU","2009","2009","EUR","Euro","0","Units",,,22112,,
"GRC","Greece","CPNCU","Current prices in NCU","2010","2010","EUR","Euro","0","Units",,,21025,,
"GRC","Greece","CPNCU","Current prices in NCU","2011","2011","EUR","Euro","0","Units",,,20276,,
"GRC","Greece","CPNCU","Current prices in NCU","2012","2012","EUR","Euro","0","Units",,,19277,,
"GRC","Greece","CPNCU","Current prices in NCU","2013","2013","EUR","Euro","0","Units",,,17707,,
"GRC","Greece","CPNCU","Current prices in NCU","2014","2014","EUR","Euro","0","Units",,,17213,,
"GRC","Greece","CPNCU","Current prices in NCU","2015","2015","EUR","Euro","0","Units",,,17162,,
"GRC","Greece","CPNCU","Current prices in NCU","2016","2016","EUR","Euro","0","Units",,,16618,,
"GRC","Greece","CPNCU","Current prices in NCU","2017","2017","EUR","Euro","0","Units",,,16785,,
"GRC","Greece","CPNCU","Current prices in NCU","2018","2018","EUR","Euro","0","Units",,,16028,,
"GRC","Greece","CPNCU","Current prices in NCU","2019","2019","EUR","Euro","0","Units",,,16061,,
"GRC","Greece","CPNCU","Current prices in NCU","2020","2020","EUR","Euro","0","Units",,,15972,,
"GRC","Greece","CPNCU","Current prices in NCU","2021","2021","EUR","Euro","0","Units",,,16086.0676819615,,
"GRC","Greece","CPNCU","Current prices in NCU","2022","2022","EUR","Euro","0","Units",,,16173.7807839191,,
"HUN","Hungary","CPNCU","Current prices in NCU","2000","2000","HUF","Forint","0","Units",,,1223604.74863675,,
"HUN","Hungary","CPNCU","Current prices in NCU","2001","2001","HUF","Forint","0","Units",,,1443353.33536591,,
"HUN","Hungary","CPNCU","Current prices in NCU","2002","2002","HUF","Forint","0","Units",,,1608279.87232136,,
"HUN","Hungary","CPNCU","Current prices in NCU","2003","2003","HUF","Forint","0","Units",,,1814426.36514311,,
"HUN","Hungary","CPNCU","Current prices in NCU","2004","2004","HUF","Forint","0","Units",,,2047573.52047175,,
"HUN","Hungary","CPNCU","Current prices in NCU","2005","2005","HUF","Forint","0","Units",,,2215578,,
"HUN","Hungary","CPNCU","Current prices in NCU","2006","2006","HUF","Forint","0","Units",,,2332903,,
"HUN","Hungary","CPNCU","Current prices in NCU","2007","2007","HUF","Forint","0","Units",,,2470056,,
"HUN","Hungary","CPNCU","Current prices in NCU","2008","2008","HUF","Forint","0","Units",,,2649129,,
"HUN","Hungary","CPNCU","Current prices in NCU","2009","2009","HUF","Forint","0","Units",,,2603607,,
"HUN","Hungary","CPNCU","Current prices in NCU","2010","2010","HUF","Forint","0","Units",,,2726482,,
"HUN","Hungary","CPNCU","Current prices in NCU","2011","2011","HUF","Forint","0","Units",,,2855170,,
"HUN","Hungary","CPNCU","Current prices in NCU","2012","2012","HUF","Forint","0","Units",,,2916720,,
"HUN","Hungary","CPNCU","Current prices in NCU","2013","2013","HUF","Forint","0","Units",,,2936661,,
"HUN","Hungary","CPNCU","Current prices in NCU","2014","2014","HUF","Forint","0","Units",,,2936455,,
"HUN","Hungary","CPNCU","Current prices in NCU","2015","2015","HUF","Forint","0","Units",,,2974991,,
"HUN","Hungary","CPNCU","Current prices in NCU","2016","2016","HUF","Forint","0","Units",,,3031743,,
"HUN","Hungary","CPNCU","Current prices in NCU","2017","2017","HUF","Forint","0","Units",,,3358916,,
"HUN","Hungary","CPNCU","Current prices in NCU","2018","2018","HUF","Forint","0","Units",,,3640721,,
"HUN","Hungary","CPNCU","Current prices in NCU","2019","2019","HUF","Forint","0","Units",,,3934347,,
"HUN","Hungary","CPNCU","Current prices in NCU","2020","2020","HUF","Forint","0","Units",,,4133323,,
"HUN","Hungary","CPNCU","Current prices in NCU","2021","2021","HUF","Forint","0","Units",,,4535186.89082497,,
"HUN","Hungary","CPNCU","Current prices in NCU","2022","2022","HUF","Forint","0","Units",,,5314265.04859426,,
"IRL","Ireland","CPNCU","Current prices in NCU","2000","2000","EUR","Euro","0","Units",,,27331.5585014795,,
"IRL","Ireland","CPNCU","Current prices in NCU","2001","2001","EUR","Euro","0","Units",,,29459.3585860953,,
"IRL","Ireland","CPNCU","Current prices in NCU","2002","2002","EUR","Euro","0","Units",,,31144.0883866038,,
"IRL","Ireland","CPNCU","Current prices in NCU","2003","2003","EUR","Euro","0","Units",,,33195.171774507,,
"IRL","Ireland","CPNCU","Current prices in NCU","2004","2004","EUR","Euro","0","Units",,,34886.9498234323,,
"IRL","Ireland","CPNCU","Current prices in NCU","2005","2005","EUR","Euro","0","Units",,,36949,,
"IRL","Ireland","CPNCU","Current prices in NCU","2006","2006","EUR","Euro","0","Units",,,38297,,
"IRL","Ireland","CPNCU","Current prices in NCU","2007","2007","EUR","Euro","0","Units",,,40628,,
"IRL","Ireland","CPNCU","Current prices in NCU","2008","2008","EUR","Euro","0","Units",,,42827,,
"IRL","Ireland","CPNCU","Current prices in NCU","2009","2009","EUR","Euro","0","Units",,,43425,,
"IRL","Ireland","CPNCU","Current prices in NCU","2010","2010","EUR","Euro","0","Units",,,43033,,
"IRL","Ireland","CPNCU","Current prices in NCU","2011","2011","EUR","Euro","0","Units",,,42870,,
"IRL","Ireland","CPNCU","Current prices in NCU","2012","2012","EUR","Euro","0","Units",,,42951,,
"IRL","Ireland","CPNCU","Current prices in NCU","2013","2013","EUR","Euro","0","Units",,,42328,,
"IRL","Ireland","CPNCU","Current prices in NCU","2014","2014","EUR","Euro","0","Units",,,42536,,
"IRL","Ireland","CPNCU","Current prices in NCU","2015","2015","EUR","Euro","0","Units",,,42948,,
"IRL","Ireland","CPNCU","Current prices in NCU","2016","2016","EUR","Euro","0","Units",,,43741,,
"IRL","Ireland","CPNCU","Current prices in NCU","2017","2017","EUR","Euro","0","Units",,,44923,,
"IRL","Ireland","CPNCU","Current prices in NCU","2018","2018","EUR","Euro","0","Units",,,46318,,
"IRL","Ireland","CPNCU","Current prices in NCU","2019","2019","EUR","Euro","0","Units",,,47879,,
"IRL","Ireland","CPNCU","Current prices in NCU","2020","2020","EUR","Euro","0","Units",,,49192,,
"IRL","Ireland","CPNCU","Current prices in NCU","2021","2021","EUR","Euro","0","Units",,,50665.3046642348,,
"IRL","Ireland","CPNCU","Current prices in NCU","2022","2022","EUR","Euro","0","Units",,,52970.7845745509,,
"ITA","Italy","CPNCU","Current prices in NCU","2000","2000","EUR","Euro","0","Units",,,21254.2592738694,,
"ITA","Italy","CPNCU","Current prices in NCU","2001","2001","EUR","Euro","0","Units",,,21952.1736228934,,
"ITA","Italy","CPNCU","Current prices in NCU","2002","2002","EUR","Euro","0","Units",,,22437.6667089631,,
"ITA","Italy","CPNCU","Current prices in NCU","2003","2003","EUR","Euro","0","Units",,,23061.011055201,,
"ITA","Italy","CPNCU","Current prices in NCU","2004","2004","EUR","Euro","0","Units",,,24074.3778316898,,
"ITA","Italy","CPNCU","Current prices in NCU","2005","2005","EUR","Euro","0","Units",,,24887,,
"ITA","Italy","CPNCU","Current prices in NCU","2006","2006","EUR","Euro","0","Units",,,25717,,
"ITA","Italy","CPNCU","Current prices in NCU","2007","2007","EUR","Euro","0","Units",,,26282,,
"ITA","Italy","CPNCU","Current prices in NCU","2008","2008","EUR","Euro","0","Units",,,27088,,
"ITA","Italy","CPNCU","Current prices in NCU","2009","2009","EUR","Euro","0","Units",,,27141,,
"ITA","Italy","CPNCU","Current prices in NCU","2010","2010","EUR","Euro","0","Units",,,27807,,
"ITA","Italy","CPNCU","Current prices in NCU","2011","2011","EUR","Euro","0","Units",,,28160,,
"ITA","Italy","CPNCU","Current prices in NCU","2012","2012","EUR","Euro","0","Units",,,27983,,
"ITA","Italy","CPNCU","Current prices in NCU","2013","2013","EUR","Euro","0","Units",,,28387,,
"ITA","Italy","CPNCU","Current prices in NCU","2014","2014","EUR","Euro","0","Units",,,28566,,
"ITA","Italy","CPNCU","Current prices in NCU","2015","2015","EUR","Euro","0","Units",,,28861,,
"ITA","Italy","CPNCU","Current prices in NCU","2016","2016","EUR","Euro","0","Units",,,29121,,
"ITA","Italy","CPNCU","Current prices in NCU","2017","2017","EUR","Euro","0","Units",,,29242,,
"ITA","Italy","CPNCU","Current prices in NCU","2018","2018","EUR","Euro","0","Units",,,29560,,
"ITA","Italy","CPNCU","Current prices in NCU","2019","2019","EUR","Euro","0","Units",,,29882,,
"ITA","Italy","CPNCU","Current prices in NCU","2020","2020","EUR","Euro","0","Units",,,28491,,
"ITA","Italy","CPNCU","Current prices in NCU","2021","2021","EUR","Euro","0","Units",,,30047.6411225516,,
"ITA","Italy","CPNCU","Current prices in NCU","2022","2022","EUR","Euro","0","Units",,,31529.6786593719,,
"JPN","Japan","CPNCU","Current prices in NCU","2000","2000","JPY","Yen","0","Units",,,4624653.32646199,,
"JPN","Japan","CPNCU","Current prices in NCU","2001","2001","JPY","Yen","0","Units",,,4516562.72619332,,
"JPN","Japan","CPNCU","Current prices in NCU","2002","2002","JPY","Yen","0","Units",,,4360804.30624333,,
"JPN","Japan","CPNCU","Current prices in NCU","2003","2003","JPY","Yen","0","Units",,,4319816.63230016,,
"JPN","Japan","CPNCU","Current prices in NCU","2004","2004","JPY","Yen","0","Units",,,4366306.63432959,,
"JPN","Japan","CPNCU","Current prices in NCU","2005","2005","JPY","Yen","0","Units",,,4442873,,
"JPN","Japan","CPNCU","Current prices in NCU","2006","2006","JPY","Yen","0","Units",,,4439630,,
"JPN","Japan","CPNCU","Current prices in NCU","2007","2007","JPY","Yen","0","Units",,,4412732,,
"JPN","Japan","CPNCU","Current prices in NCU","2008","2008","JPY","Yen","0","Units",,,4406731,,
"JPN","Japan","CPNCU","Current prices in NCU","2009","2009","JPY","Yen","0","Units",,,4247033,,
"JPN","Japan","CPNCU","Current prices in NCU","2010","2010","JPY","Yen","0","Units",,,4197530,,
"JPN","Japan","CPNCU","Current prices in NCU","2011","2011","JPY","Yen","0","Units",,,4244886,,
"JPN","Japan","CPNCU","Current prices in NCU","2012","2012","JPY","Yen","0","Units",,,4149155,,
"JPN","Japan","CPNCU","Current prices in NCU","2013","2013","JPY","Yen","0","Units",,,4146228,,
"JPN","Japan","CPNCU","Current prices in NCU","2014","2014","JPY","Yen","0","Units",,,4153939,,
"JPN","Japan","CPNCU","Current prices in NCU","2015","2015","JPY","Yen","0","Units",,,4157542,,
"JPN","Japan","CPNCU","Current prices in NCU","2016","2016","JPY","Yen","0","Units",,,4200120,,
"JPN","Japan","CPNCU","Current prices in NCU","2017","2017","JPY","Yen","0","Units",,,4226544,,
"JPN","Japan","CPNCU","Current prices in NCU","2018","2018","JPY","Yen","0","Units",,,4304781,,
"JPN","Japan","CPNCU","Current prices in NCU","2019","2019","JPY","Yen","0","Units",,,4379634,,
"JPN","Japan","CPNCU","Current prices in NCU","2020","2020","JPY","Yen","0","Units",,,4366907,,
"JPN","Japan","CPNCU","Current prices in NCU","2021","2021","JPY","Yen","0","Units",,,4455279.00458847,,
"JPN","Japan","CPNCU","Current prices in NCU","2022","2022","JPY","Yen","0","Units",,,4522614.46723905,,
"KOR","Korea","CPNCU","Current prices in NCU","2000","2000","KRW","Won","0","Units",,,18830753.7127639,,
"KOR","Korea","CPNCU","Current prices in NCU","2001","2001","KRW","Won","0","Units",,,20311918.6927445,,
"KOR","Korea","CPNCU","Current prices in NCU","2002","2002","KRW","Won","0","Units",,,21667616.0418539,,
"KOR","Korea","CPNCU","Current prices in NCU","2003","2003","KRW","Won","0","Units",,,23195595.3130456,,
"KOR","Korea","CPNCU","Current prices in NCU","2004","2004","KRW","Won","0","Units",,,24457632.8450192,,
"KOR","Korea","CPNCU","Current prices in NCU","2005","2005","KRW","Won","0","Units",,,25745921,,
"KOR","Korea","CPNCU","Current prices in NCU","2006","2006","KRW","Won","0","Units",,,26460299,,
"KOR","Korea","CPNCU","Current prices in NCU","2007","2007","KRW","Won","0","Units",,,27531223,,
"KOR","Korea","CPNCU","Current prices in NCU","2008","2008","KRW","Won","0","Units",,,28642558,,
"KOR","Korea","CPNCU","Current prices in NCU","2009","2009","KRW","Won","0","Units",,,29507856,,
"KOR","Korea","CPNCU","Current prices in NCU","2010","2010","KRW","Won","0","Units",,,30750506,,
"KOR","Korea","CPNCU","Current prices in NCU","2011","2011","KRW","Won","0","Units",,,32260584,,
"KOR","Korea","CPNCU","Current prices in NCU","2012","2012","KRW","Won","0","Units",,,32465017,,
"KOR","Korea","CPNCU","Current prices in NCU","2013","2013","KRW","Won","0","Units",,,33588901,,
"KOR","Korea","CPNCU","Current prices in NCU","2014","2014","KRW","Won","0","Units",,,33978793,,
"KOR","Korea","CPNCU","Current prices in NCU","2015","2015","KRW","Won","0","Units",,,35233909,,
"KOR","Korea","CPNCU","Current prices in NCU","2016","2016","KRW","Won","0","Units",,,36667683,,
"KOR","Korea","CPNCU","Current prices in NCU","2017","2017","KRW","Won","0","Units",,,38178107,,
"KOR","Korea","CPNCU","Current prices in NCU","2018","2018","KRW","Won","0","Units",,,39977225,,
"KOR","Korea","CPNCU","Current prices in NCU","2019","2019","KRW","Won","0","Units",,,41576683,,
"KOR","Korea","CPNCU","Current prices in NCU","2020","2020","KRW","Won","0","Units",,,42988384,,
"KOR","Korea","CPNCU","Current prices in NCU","2021","2021","KRW","Won","0","Units",,,44781257.2482263,,
"KOR","Korea","CPNCU","Current prices in NCU","2022","2022","KRW","Won","0","Units",,,46507060.216051,,
"LUX","Luxembourg","CPNCU","Current prices in NCU","2000","2000","EUR","Euro","0","Units",,,40450.0199428042,,
"LUX","Luxembourg","CPNCU","Current prices in NCU","2001","2001","EUR","Euro","0","Units",,,41699.9604115593,,
"LUX","Luxembourg","CPNCU","Current prices in NCU","2002","2002","EUR","Euro","0","Units",,,43173.8062004548,,
"LUX","Luxembourg","CPNCU","Current prices in NCU","2003","2003","EUR","Euro","0","Units",,,43903.7323483615,,
"LUX","Luxembourg","CPNCU","Current prices in NCU","2004","2004","EUR","Euro","0","Units",,,45429.4621052777,,
"LUX","Luxembourg","CPNCU","Current prices in NCU","2005","2005","EUR","Euro","0","Units",,,47134,,
"LUX","Luxembourg","CPNCU","Current prices in NCU","2006","2006","EUR","Euro","0","Units",,,48941,,
"LUX","Luxembourg","CPNCU","Current prices in NCU","2007","2007","EUR","Euro","0","Units",,,51345,,
"LUX","Luxembourg","CPNCU","Current prices in NCU","2008","2008","EUR","Euro","0","Units",,,52675,,
"LUX","Luxembourg","CPNCU","Current prices in NCU","2009","2009","EUR","Euro","0","Units",,,53731,,
"LUX","Luxembourg","CPNCU","Current prices in NCU","2010","2010","EUR","Euro","0","Units",,,54841,,
"LUX","Luxembourg","CPNCU","Current prices in NCU","2011","2011","EUR","Euro","0","Units",,,56773,,
"LUX","Luxembourg","CPNCU","Current prices in NCU","2012","2012","EUR","Euro","0","Units",,,57392,,
"LUX","Luxembourg","CPNCU","Current prices in NCU","2013","2013","EUR","Euro","0","Units",,,58993,,
"LUX","Luxembourg","CPNCU","Current prices in NCU","2014","2014","EUR","Euro","0","Units",,,60435,,
"LUX","Luxembourg","CPNCU","Current prices in NCU","2015","2015","EUR","Euro","0","Units",,,61274,,
"LUX","Luxembourg","CPNCU","Current prices in NCU","2016","2016","EUR","Euro","0","Units",,,61538,,
"LUX","Luxembourg","CPNCU","Current prices in NCU","2017","2017","EUR","Euro","0","Units",,,63694,,
"LUX","Luxembourg","CPNCU","Current prices in NCU","2018","2018","EUR","Euro","0","Units",,,65177,,
"LUX","Luxembourg","CPNCU","Current prices in NCU","2019","2019","EUR","Euro","0","Units",,,66409,,
"LUX","Luxembourg","CPNCU","Current prices in NCU","2020","2020","EUR","Euro","0","Units",,,67607,,
"LUX","Luxembourg","CPNCU","Current prices in NCU","2021","2021","EUR","Euro","0","Units",,,72323.2737418547,,
"LUX","Luxembourg","CPNCU","Current prices in NCU","2022","2022","EUR","Euro","0","Units",,,75691.17737706,,
"NLD","Netherlands","CPNCU","Current prices in NCU","2000","2000","EUR","Euro","0","Units",,,32019.4883504916,,
"NLD","Netherlands","CPNCU","Current prices in NCU","2001","2001","EUR","Euro","0","Units",,,33540.0405953487,,
"NLD","Netherlands","CPNCU","Current prices in NCU","2002","2002","EUR","Euro","0","Units",,,34787.1725603516,,
"NLD","Netherlands","CPNCU","Current prices in NCU","2003","2003","EUR","Euro","0","Units",,,35835.1949389611,,
"NLD","Netherlands","CPNCU","Current prices in NCU","2004","2004","EUR","Euro","0","Units",,,36912.3455417605,,
"NLD","Netherlands","CPNCU","Current prices in NCU","2005","2005","EUR","Euro","0","Units",,,37596,,
"NLD","Netherlands","CPNCU","Current prices in NCU","2006","2006","EUR","Euro","0","Units",,,38538,,
"NLD","Netherlands","CPNCU","Current prices in NCU","2007","2007","EUR","Euro","0","Units",,,39877,,
"NLD","Netherlands","CPNCU","Current prices in NCU","2008","2008","EUR","Euro","0","Units",,,40952,,
"NLD","Netherlands","CPNCU","Current prices in NCU","2009","2009","EUR","Euro","0","Units",,,42034,,
"NLD","Netherlands","CPNCU","Current prices in NCU","2010","2010","EUR","Euro","0","Units",,,42687,,
"NLD","Netherlands","CPNCU","Current prices in NCU","2011","2011","EUR","Euro","0","Units",,,43397,,
"NLD","Netherlands","CPNCU","Current prices in NCU","2012","2012","EUR","Euro","0","Units",,,44104,,
"NLD","Netherlands","CPNCU","Current prices in NCU","2013","2013","EUR","Euro","0","Units",,,45153,,
"NLD","Netherlands","CPNCU","Current prices in NCU","2014","2014","EUR","Euro","0","Units",,,45305,,
"NLD","Netherlands","CPNCU","Current prices in NCU","2015","2015","EUR","Euro","0","Units",,,45931,,
"NLD","Netherlands","CPNCU","Current prices in NCU","2016","2016","EUR","Euro","0","Units",,,46382,,
"NLD","Netherlands","CPNCU","Current prices in NCU","2017","2017","EUR","Euro","0","Units",,,46679,,
"NLD","Netherlands","CPNCU","Current prices in NCU","2018","2018","EUR","Euro","0","Units",,,47173,,
"NLD","Netherlands","CPNCU","Current prices in NCU","2019","2019","EUR","Euro","0","Units",,,48059,,
"NLD","Netherlands","CPNCU","Current prices in NCU","2020","2020","EUR","Euro","0","Units",,,49970,,
"NLD","Netherlands","CPNCU","Current prices in NCU","2021","2021","EUR","Euro","0","Units",,,50980.6565884393,,
"NLD","Netherlands","CPNCU","Current prices in NCU","2022","2022","EUR","Euro","0","Units",,,52276.7067505389,,
"NOR","Norway","CPNCU","Current prices in NCU","2000","2000","NOK","Norwegian Krone","0","Units",,,277322.300152391,,
"NOR","Norway","CPNCU","Current prices in NCU","2001","2001","NOK","Norwegian Krone","0","Units",,,291343.883478533,,
"NOR","Norway","CPNCU","Current prices in NCU","2002","2002","NOK","Norwegian Krone","0","Units",,,306341.933758659,,
"NOR","Norway","CPNCU","Current prices in NCU","2003","2003","NOK","Norwegian Krone","0","Units",,,319195.817333006,,
"NOR","Norway","CPNCU","Current prices in NCU","2004","2004","NOK","Norwegian Krone","0","Units",,,333859.872283829,,
"NOR","Norway","CPNCU","Current prices in NCU","2005","2005","NOK","Norwegian Krone","0","Units",,,347435,,
"NOR","Norway","CPNCU","Current prices in NCU","2006","2006","NOK","Norwegian Krone","0","Units",,,367887,,
"NOR","Norway","CPNCU","Current prices in NCU","2007","2007","NOK","Norwegian Krone","0","Units",,,389116,,
"NOR","Norway","CPNCU","Current prices in NCU","2008","2008","NOK","Norwegian Krone","0","Units",,,411092,,
"NOR","Norway","CPNCU","Current prices in NCU","2009","2009","NOK","Norwegian Krone","0","Units",,,425692,,
"NOR","Norway","CPNCU","Current prices in NCU","2010","2010","NOK","Norwegian Krone","0","Units",,,440224,,
"NOR","Norway","CPNCU","Current prices in NCU","2011","2011","NOK","Norwegian Krone","0","Units",,,460748,,
"NOR","Norway","CPNCU","Current prices in NCU","2012","2012","NOK","Norwegian Krone","0","Units",,,478224,,
"NOR","Norway","CPNCU","Current prices in NCU","2013","2013","NOK","Norwegian Krone","0","Units",,,497976,,
"NOR","Norway","CPNCU","Current prices in NCU","2014","2014","NOK","Norwegian Krone","0","Units",,,511520,,
"NOR","Norway","CPNCU","Current prices in NCU","2015","2015","NOK","Norwegian Krone","0","Units",,,526103,,
"NOR","Norway","CPNCU","Current prices in NCU","2016","2016","NOK","Norwegian Krone","0","Units",,,533447,,
"NOR","Norway","CPNCU","Current prices in NCU","2017","2017","NOK","Norwegian Krone","0","Units",,,542651,,
"NOR","Norway","CPNCU","Current prices in NCU","2018","2018","NOK","Norwegian Krone","0","Units",,,558106,,
"NOR","Norway","CPNCU","Current prices in NCU","2019","2019","NOK","Norwegian Krone","0","Units",,,581290,,
"NOR","Norway","CPNCU","Current prices in NCU","2020","2020","NOK","Norwegian Krone","0","Units",,,591985,,
"NOR","Norway","CPNCU","Current prices in NCU","2021","2021","NOK","Norwegian Krone","0","Units",,,625699.877160176,,
"NOR","Norway","CPNCU","Current prices in NCU","2022","2022","NOK","Norwegian Krone","0","Units",,,653316.536469564,,
"POL","Poland","CPNCU","Current prices in NCU","2000","2000","PLN","Zloty","0","Units",,,26550.3744023356,,
"POL","Poland","CPNCU","Current prices in NCU","2001","2001","PLN","Zloty","0","Units",,,29118.4484914302,,
"POL","Poland","CPNCU","Current prices in NCU","2002","2002","PLN","Zloty","0","Units",,,29961.4635281325,,
"POL","Poland","CPNCU","Current prices in NCU","2003","2003","PLN","Zloty","0","Units",,,30493.2103641115,,
"POL","Poland","CPNCU","Current prices in NCU","2004","2004","PLN","Zloty","0","Units",,,31172.4330518398,,
"POL","Poland","CPNCU","Current prices in NCU","2005","2005","PLN","Zloty","0","Units",,,31737,,
"POL","Poland","CPNCU","Current prices in NCU","2006","2006","PLN","Zloty","0","Units",,,32444,,
"POL","Poland","CPNCU","Current prices in NCU","2007","2007","PLN","Zloty","0","Units",,,34246,,
"POL","Poland","CPNCU","Current prices in NCU","2008","2008","PLN","Zloty","0","Units",,,37473,,
"POL","Poland","CPNCU","Current prices in NCU","2009","2009","PLN","Zloty","0","Units",,,38459,,
"POL","Poland","CPNCU","Current prices in NCU","2010","2010","PLN","Zloty","0","Units",,,40989,,
"POL","Poland","CPNCU","Current prices in NCU","2011","2011","PLN","Zloty","0","Units",,,43135,,
"POL","Poland","CPNCU","Current prices in NCU","2012","2012","PLN","Zloty","0","Units",,,44043,,
"POL","Poland","CPNCU","Current prices in NCU","2013","2013","PLN","Zloty","0","Units",,,44675,,
"POL","Poland","CPNCU","Current prices in NCU","2014","2014","PLN","Zloty","0","Units",,,45536,,
"POL","Poland","CPNCU","Current prices in NCU","2015","2015","PLN","Zloty","0","Units",,,46446,,
"POL","Poland","CPNCU","Current prices in NCU","2016","2016","PLN","Zloty","0","Units",,,48563,,
"POL","Poland","CPNCU","Current prices in NCU","2017","2017","PLN","Zloty","0","Units",,,51493,,
"POL","Poland","CPNCU","Current prices in NCU","2018","2018","PLN","Zloty","0","Units",,,55607,,
"POL","Poland","CPNCU","Current prices in NCU","2019","2019","PLN","Zloty","0","Units",,,60342,,
"POL","Poland","CPNCU","Current prices in NCU","2020","2020","PLN","Zloty","0","Units",,,63498,,
"POL","Poland","CPNCU","Current prices in NCU","2021","2021","PLN","Zloty","0","Units",,,66605.850907327,,
"POL","Poland","CPNCU","Current prices in NCU","2022","2022","PLN","Zloty","0","Units",,,75741.1269934975,,
"PRT","Portugal","CPNCU","Current prices in NCU","2000","2000","EUR","Euro","0","Units",,,12629.8271789129,,
"PRT","Portugal","CPNCU","Current prices in NCU","2001","2001","EUR","Euro","0","Units",,,13165.2423505117,,
"PRT","Portugal","CPNCU","Current prices in NCU","2002","2002","EUR","Euro","0","Units",,,13618.8075181048,,
"PRT","Portugal","CPNCU","Current prices in NCU","2003","2003","EUR","Euro","0","Units",,,14073.4310887442,,
"PRT","Portugal","CPNCU","Current prices in NCU","2004","2004","EUR","Euro","0","Units",,,14421.796139073,,
"PRT","Portugal","CPNCU","Current prices in NCU","2005","2005","EUR","Euro","0","Units",,,14892,,
"PRT","Portugal","CPNCU","Current prices in NCU","2006","2006","EUR","Euro","0","Units",,,15085,,
"PRT","Portugal","CPNCU","Current prices in NCU","2007","2007","EUR","Euro","0","Units",,,15700,,
"PRT","Portugal","CPNCU","Current prices in NCU","2008","2008","EUR","Euro","0","Units",,,16083,,
"PRT","Portugal","CPNCU","Current prices in NCU","2009","2009","EUR","Euro","0","Units",,,16501,,
"PRT","Portugal","CPNCU","Current prices in NCU","2010","2010","EUR","Euro","0","Units",,,16737,,
"PRT","Portugal","CPNCU","Current prices in NCU","2011","2011","EUR","Euro","0","Units",,,16608,,
"PRT","Portugal","CPNCU","Current prices in NCU","2012","2012","EUR","Euro","0","Units",,,16183,,
"PRT","Portugal","CPNCU","Current prices in NCU","2013","2013","EUR","Euro","0","Units",,,16618,,
"PRT","Portugal","CPNCU","Current prices in NCU","2014","2014","EUR","Euro","0","Units",,,16368,,
"PRT","Portugal","CPNCU","Current prices in NCU","2015","2015","EUR","Euro","0","Units",,,16463,,
"PRT","Portugal","CPNCU","Current prices in NCU","2016","2016","EUR","Euro","0","Units",,,16553,,
"PRT","Portugal","CPNCU","Current prices in NCU","2017","2017","EUR","Euro","0","Units",,,16878,,
"PRT","Portugal","CPNCU","Current prices in NCU","2018","2018","EUR","Euro","0","Units",,,17423,,
"PRT","Portugal","CPNCU","Current prices in NCU","2019","2019","EUR","Euro","0","Units",,,18253,,
"PRT","Portugal","CPNCU","Current prices in NCU","2020","2020","EUR","Euro","0","Units",,,18492,,
"PRT","Portugal","CPNCU","Current prices in NCU","2021","2021","EUR","Euro","0","Units",,,19215.1647102476,,
"PRT","Portugal","CPNCU","Current prices in NCU","2022","2022","EUR","Euro","0","Units",,,20323.3009824094,,
"SVK","Slovak Republic","CPNCU","Current prices in NCU","2000","2000","EUR","Euro","0","Units",,,5429.35745140709,,
"SVK","Slovak Republic","CPNCU","Current prices in NCU","2001","2001","EUR","Euro","0","Units",,,5732.17712298375,,
"SVK","Slovak Republic","CPNCU","Current prices in NCU","2002","2002","EUR","Euro","0","Units",,,6204.56763729585,,
"SVK","Slovak Republic","CPNCU","Current prices in NCU","2003","2003","EUR","Euro","0","Units",,,6741.05885347917,,
"SVK","Slovak Republic","CPNCU","Current prices in NCU","2004","2004","EUR","Euro","0","Units",,,7339.87902002877,,
"SVK","Slovak Republic","CPNCU","Current prices in NCU","2005","2005","EUR","Euro","0","Units",,,7997,,
"SVK","Slovak Republic","CPNCU","Current prices in NCU","2006","2006","EUR","Euro","0","Units",,,8673,,
"SVK","Slovak Republic","CPNCU","Current prices in NCU","2007","2007","EUR","Euro","0","Units",,,9449,,
"SVK","Slovak Republic","CPNCU","Current prices in NCU","2008","2008","EUR","Euro","0","Units",,,9979,,
"SVK","Slovak Republic","CPNCU","Current prices in NCU","2009","2009","EUR","Euro","0","Units",,,10320,,
"SVK","Slovak Republic","CPNCU","Current prices in NCU","2010","2010","EUR","Euro","0","Units",,,10883,,
"SVK","Slovak Republic","CPNCU","Current prices in NCU","2011","2011","EUR","Euro","0","Units",,,11203,,
"SVK","Slovak Republic","CPNCU","Current prices in NCU","2012","2012","EUR","Euro","0","Units",,,11448,,
"SVK","Slovak Republic","CPNCU","Current prices in NCU","2013","2013","EUR","Euro","0","Units",,,11684,,
"SVK","Slovak Republic","CPNCU","Current prices in NCU","2014","2014","EUR","Euro","0","Units",,,11904,,
"SVK","Slovak Republic","CPNCU","Current prices in NCU","2015","2015","EUR","Euro","0","Units",,,12362,,
"SVK","Slovak Republic","CPNCU","Current prices in NCU","2016","2016","EUR","Euro","0","Units",,,12719,,
"SVK","Slovak Republic","CPNCU","Current prices in NCU","2017","2017","EUR","Euro","0","Units",,,13268,,
"SVK","Slovak Republic","CPNCU","Current prices in NCU","2018","2018","EUR","Euro","0","Units",,,13964,,
"SVK","Slovak Republic","CPNCU","Current prices in NCU","2019","2019","EUR","Euro","0","Units",,,14814,,
"SVK","Slovak Republic","CPNCU","Current prices in NCU","2020","2020","EUR","Euro","0","Units",,,15342,,
"SVK","Slovak Republic","CPNCU","Current prices in NCU","2021","2021","EUR","Euro","0","Units",,,16121.5811867596,,
"SVK","Slovak Republic","CPNCU","Current prices in NCU","2022","2022","EUR","Euro","0","Units",,,17256.4280558476,,
"ESP","Spain","CPNCU","Current prices in NCU","2000","2000","EUR","Euro","0","Units",,,18526.3841003138,,
"ESP","Spain","CPNCU","Current prices in NCU","2001","2001","EUR","Euro","0","Units",,,19085.3633075572,,
"ESP","Spain","CPNCU","Current prices in NCU","2002","2002","EUR","Euro","0","Units",,,19700.3181829895,,
"ESP","Spain","CPNCU","Current prices in NCU","2003","2003","EUR","Euro","0","Units",,,20229.3730957402,,
"ESP","Spain","CPNCU","Current prices in NCU","2004","2004","EUR","Euro","0","Units",,,20674.5803882143,,
"ESP","Spain","CPNCU","Current prices in NCU","2005","2005","EUR","Euro","0","Units",,,21456,,
"ESP","Spain","CPNCU","Current prices in NCU","2006","2006","EUR","Euro","0","Units",,,22107,,
"ESP","Spain","CPNCU","Current prices in NCU","2007","2007","EUR","Euro","0","Units",,,23102,,
"ESP","Spain","CPNCU","Current prices in NCU","2008","2008","EUR","Euro","0","Units",,,24775,,
"ESP","Spain","CPNCU","Current prices in NCU","2009","2009","EUR","Euro","0","Units",,,26083,,
"ESP","Spain","CPNCU","Current prices in NCU","2010","2010","EUR","Euro","0","Units",,,26349,,
"ESP","Spain","CPNCU","Current prices in NCU","2011","2011","EUR","Euro","0","Units",,,26487,,
"ESP","Spain","CPNCU","Current prices in NCU","2012","2012","EUR","Euro","0","Units",,,26271,,
"ESP","Spain","CPNCU","Current prices in NCU","2013","2013","EUR","Euro","0","Units",,,26526,,
"ESP","Spain","CPNCU","Current prices in NCU","2014","2014","EUR","Euro","0","Units",,,26479,,
"ESP","Spain","CPNCU","Current prices in NCU","2015","2015","EUR","Euro","0","Units",,,26852,,
"ESP","Spain","CPNCU","Current prices in NCU","2016","2016","EUR","Euro","0","Units",,,26745,,
"ESP","Spain","CPNCU","Current prices in NCU","2017","2017","EUR","Euro","0","Units",,,26802,,
"ESP","Spain","CPNCU","Current prices in NCU","2018","2018","EUR","Euro","0","Units",,,27095,,
"ESP","Spain","CPNCU","Current prices in NCU","2019","2019","EUR","Euro","0","Units",,,27677,,
"ESP","Spain","CPNCU","Current prices in NCU","2020","2020","EUR","Euro","0","Units",,,27300,,
"ESP","Spain","CPNCU","Current prices in NCU","2021","2021","EUR","Euro","0","Units",,,28265.9045196395,,
"ESP","Spain","CPNCU","Current prices in NCU","2022","2022","EUR","Euro","0","Units",,,29113.2786476642,,
"SWE","Sweden","CPNCU","Current prices in NCU","2000","2000","SEK","Swedish Krona","0","Units",,,251428.942621989,,
"SWE","Sweden","CPNCU","Current prices in NCU","2001","2001","SEK","Swedish Krona","0","Units",,,259626.437522295,,
"SWE","Sweden","CPNCU","Current prices in NCU","2002","2002","SEK","Swedish Krona","0","Units",,,267423.922243715,,
"SWE","Sweden","CPNCU","Current prices in NCU","2003","2003","SEK","Swedish Krona","0","Units",,,274972.071214307,,
"SWE","Sweden","CPNCU","Current prices in NCU","2004","2004","SEK","Swedish Krona","0","Units",,,285404.045347031,,
"SWE","Sweden","CPNCU","Current prices in NCU","2005","2005","SEK","Swedish Krona","0","Units",,,294983,,
"SWE","Sweden","CPNCU","Current prices in NCU","2006","2006","SEK","Swedish Krona","0","Units",,,305404,,
"SWE","Sweden","CPNCU","Current prices in NCU","2007","2007","SEK","Swedish Krona","0","Units",,,319871,,
"SWE","Sweden","CPNCU","Current prices in NCU","2008","2008","SEK","Swedish Krona","0","Units",,,335475,,
"SWE","Sweden","CPNCU","Current prices in NCU","2009","2009","SEK","Swedish Krona","0","Units",,,343604,,
"SWE","Sweden","CPNCU","Current prices in NCU","2010","2010","SEK","Swedish Krona","0","Units",,,352076,,
"SWE","Sweden","CPNCU","Current prices in NCU","2011","2011","SEK","Swedish Krona","0","Units",,,362318,,
"SWE","Sweden","CPNCU","Current prices in NCU","2012","2012","SEK","Swedish Krona","0","Units",,,372042,,
"SWE","Sweden","CPNCU","Current prices in NCU","2013","2013","SEK","Swedish Krona","0","Units",,,378658,,
"SWE","Sweden","CPNCU","Current prices in NCU","2014","2014","SEK","Swedish Krona","0","Units",,,386881,,
"SWE","Sweden","CPNCU","Current prices in NCU","2015","2015","SEK","Swedish Krona","0","Units",,,396616,,
"SWE","Sweden","CPNCU","Current prices in NCU","2016","2016","SEK","Swedish Krona","0","Units",,,406310,,
"SWE","Sweden","CPNCU","Current prices in NCU","2017","2017","SEK","Swedish Krona","0","Units",,,415858,,
"SWE","Sweden","CPNCU","Current prices in NCU","2018","2018","SEK","Swedish Krona","0","Units",,,428091,,
"SWE","Sweden","CPNCU","Current prices in NCU","2019","2019","SEK","Swedish Krona","0","Units",,,441613,,
"SWE","Sweden","CPNCU","Current prices in NCU","2020","2020","SEK","Swedish Krona","0","Units",,,451328,,
"SWE","Sweden","CPNCU","Current prices in NCU","2021","2021","SEK","Swedish Krona","0","Units",,,465762.915729695,,
"SWE","Sweden","CPNCU","Current prices in NCU","2022","2022","SEK","Swedish Krona","0","Units",,,482555.494244775,,
"CHE","Switzerland","CPNCU","Current prices in NCU","2000","2000","CHF","Swiss Franc","0","Units",,,71791.6944930855,,
"CHE","Switzerland","CPNCU","Current prices in NCU","2001","2001","CHF","Swiss Franc","0","Units",,,76083.9955506096,,
"CHE","Switzerland","CPNCU","Current prices in NCU","2002","2002","CHF","Swiss Franc","0","Units",,,77235.9133466335,,
"CHE","Switzerland","CPNCU","Current prices in NCU","2003","2003","CHF","Swiss Franc","0","Units",,,77710.5977792417,,
"CHE","Switzerland","CPNCU","Current prices in NCU","2004","2004","CHF","Swiss Franc","0","Units",,,77592.1441754372,,
"CHE","Switzerland","CPNCU","Current prices in NCU","2005","2005","CHF","Swiss Franc","0","Units",,,79635,,
"CHE","Switzerland","CPNCU","Current prices in NCU","2006","2006","CHF","Swiss Franc","0","Units",,,81014,,
"CHE","Switzerland","CPNCU","Current prices in NCU","2007","2007","CHF","Swiss Franc","0","Units",,,83266,,
"CHE","Switzerland","CPNCU","Current prices in NCU","2008","2008","CHF","Swiss Franc","0","Units",,,85252,,
"CHE","Switzerland","CPNCU","Current prices in NCU","2009","2009","CHF","Swiss Franc","0","Units",,,86422,,
"CHE","Switzerland","CPNCU","Current prices in NCU","2010","2010","CHF","Swiss Franc","0","Units",,,86231,,
"CHE","Switzerland","CPNCU","Current prices in NCU","2011","2011","CHF","Swiss Franc","0","Units",,,86413,,
"CHE","Switzerland","CPNCU","Current prices in NCU","2012","2012","CHF","Swiss Franc","0","Units",,,86864,,
"CHE","Switzerland","CPNCU","Current prices in NCU","2013","2013","CHF","Swiss Franc","0","Units",,,87644,,
"CHE","Switzerland","CPNCU","Current prices in NCU","2014","2014","CHF","Swiss Franc","0","Units",,,87588,,
"CHE","Switzerland","CPNCU","Current prices in NCU","2015","2015","CHF","Swiss Franc","0","Units",,,86875,,
"CHE","Switzerland","CPNCU","Current prices in NCU","2016","2016","CHF","Swiss Franc","0","Units",,,86313,,
"CHE","Switzerland","CPNCU","Current prices in NCU","2017","2017","CHF","Swiss Franc","0","Units",,,86533,,
"CHE","Switzerland","CPNCU","Current prices in NCU","2018","2018","CHF","Swiss Franc","0","Units",,,87358,,
"CHE","Switzerland","CPNCU","Current prices in NCU","2019","2019","CHF","Swiss Franc","0","Units",,,88703,,
"CHE","Switzerland","CPNCU","Current prices in NCU","2020","2020","CHF","Swiss Franc","0","Units",,,86516,,
"CHE","Switzerland","CPNCU","Current prices in NCU","2021","2021","CHF","Swiss Franc","0","Units",,,89978.7118174658,,
"CHE","Switzerland","CPNCU","Current prices in NCU","2022","2022","CHF","Swiss Franc","0","Units",,,92930.5390469646,,
"GBR","United Kingdom","CPNCU","Current prices in NCU","2000","2000","GBP","Pound Sterling","0","Units",,,22017.0469614776,,
"GBR","United Kingdom","CPNCU","Current prices in NCU","2001","2001","GBP","Pound Sterling","0","Units",,,23129.0637994702,,
"GBR","United Kingdom","CPNCU","Current prices in NCU","2002","2002","GBP","Pound Sterling","0","Units",,,23575.8693617027,,
"GBR","United Kingdom","CPNCU","Current prices in NCU","2003","2003","GBP","Pound Sterling","0","Units",,,24648.8764696356,,
"GBR","United Kingdom","CPNCU","Current prices in NCU","2004","2004","GBP","Pound Sterling","0","Units",,,25881.2838797344,,
"GBR","United Kingdom","CPNCU","Current prices in NCU","2005","2005","GBP","Pound Sterling","0","Units",,,26655,,
"GBR","United Kingdom","CPNCU","Current prices in NCU","2006","2006","GBP","Pound Sterling","0","Units",,,27956,,
"GBR","United Kingdom","CPNCU","Current prices in NCU","2007","2007","GBP","Pound Sterling","0","Units",,,29540,,
"GBR","United Kingdom","CPNCU","Current prices in NCU","2008","2008","GBP","Pound Sterling","0","Units",,,29917,,
"GBR","United Kingdom","CPNCU","Current prices in NCU","2009","2009","GBP","Pound Sterling","0","Units",,,30148,,
"GBR","United Kingdom","CPNCU","Current prices in NCU","2010","2010","GBP","Pound Sterling","0","Units",,,30565,,
"GBR","United Kingdom","CPNCU","Current prices in NCU","2011","2011","GBP","Pound Sterling","0","Units",,,31194,,
"GBR","United Kingdom","CPNCU","Current prices in NCU","2012","2012","GBP","Pound Sterling","0","Units",,,31462,,
"GBR","United Kingdom","CPNCU","Current prices in NCU","2013","2013","GBP","Pound Sterling","0","Units",,,32460,,
"GBR","United Kingdom","CPNCU","Current prices in NCU","2014","2014","GBP","Pound Sterling","0","Units",,,32940,,
"GBR","United Kingdom","CPNCU","Current prices in NCU","2015","2015","GBP","Pound Sterling","0","Units",,,33294,,
"GBR","United Kingdom","CPNCU","Current prices in NCU","2016","2016","GBP","Pound Sterling","0","Units",,,34095,,
"GBR","United Kingdom","CPNCU","Current prices in NCU","2017","2017","GBP","Pound Sterling","0","Units",,,34875,,
"GBR","United Kingdom","CPNCU","Current prices in NCU","2018","2018","GBP","Pound Sterling","0","Units",,,35793,,
"GBR","United Kingdom","CPNCU","Current prices in NCU","2019","2019","GBP","Pound Sterling","0","Units",,,36899,,
"GBR","United Kingdom","CPNCU","Current prices in NCU","2020","2020","GBP","Pound Sterling","0","Units",,,36528,,
"GBR","United Kingdom","CPNCU","Current prices in NCU","2021","2021","GBP","Pound Sterling","0","Units",,,38248.4752501836,,
"GBR","United Kingdom","CPNCU","Current prices in NCU","2022","2022","GBP","Pound Sterling","0","Units",,,40678.2417925387,,
"USA","United States","CPNCU","Current prices in NCU","2000","2000","USD","US Dollar","0","Units",,,38863.0278199539,,
"USA","United States","CPNCU","Current prices in NCU","2001","2001","USD","US Dollar","0","Units",,,39946.7757093478,,
"USA","United States","CPNCU","Current prices in NCU","2002","2002","USD","US Dollar","0","Units",,,40796.8239318387,,
"USA","United States","CPNCU","Current prices in NCU","2003","2003","USD","US Dollar","0","Units",,,42101.6284409719,,
"USA","United States","CPNCU","Current prices in NCU","2004","2004","USD","US Dollar","0","Units",,,43946.3802598065,,
"USA","United States","CPNCU","Current prices in NCU","2005","2005","USD","US Dollar","0","Units",,,45255,,
"USA","United States","CPNCU","Current prices in NCU","2006","2006","USD","US Dollar","0","Units",,,47226,,
"USA","United States","CPNCU","Current prices in NCU","2007","2007","USD","US Dollar","0","Units",,,49354,,
"USA","United States","CPNCU","Current prices in NCU","2008","2008","USD","US Dollar","0","Units",,,50690,,
"USA","United States","CPNCU","Current prices in NCU","2009","2009","USD","US Dollar","0","Units",,,51055,,
"USA","United States","CPNCU","Current prices in NCU","2010","2010","USD","US Dollar","0","Units",,,52429,,
"USA","United States","CPNCU","Current prices in NCU","2011","2011","USD","US Dollar","0","Units",,,53828,,
"USA","United States","CPNCU","Current prices in NCU","2012","2012","USD","US Dollar","0","Units",,,55300,,
"USA","United States","CPNCU","Current prices in NCU","2013","2013","USD","US Dollar","0","Units",,,55781,,
"USA","United States","CPNCU","Current prices in NCU","2014","2014","USD","US Dollar","0","Units",,,57451,,
"USA","United States","CPNCU","Current prices in NCU","2015","2015","USD","US Dollar","0","Units",,,59030,,
"USA","United States","CPNCU","Current prices in NCU","2016","2016","USD","US Dollar","0","Units",,,59729,,
"USA","United States","CPNCU","Current prices in NCU","2017","2017","USD","US Dollar","0","Units",,,61435,,
"USA","United States","CPNCU","Current prices in NCU","2018","2018","USD","US Dollar","0","Units",,,63434,,
"USA","United States","CPNCU","Current prices in NCU","2019","2019","USD","US Dollar","0","Units",,,65505,,
"USA","United States","CPNCU","Current prices in NCU","2020","2020","USD","US Dollar","0","Units",,,70184,,
"USA","United States","CPNCU","Current prices in NCU","2021","2021","USD","US Dollar","0","Units",,,74259.8810335231,,
"USA","United States","CPNCU","Current prices in NCU","2022","2022","USD","US Dollar","0","Units",,,77463.4730245547,,
"ISR","Israel","CPNCU","Current prices in NCU","2000","2000","ILS","New Israeli Sheqel","0","Units",,,113428.695034867,,
"ISR","Israel","CPNCU","Current prices in NCU","2001","2001","ILS","New Israeli Sheqel","0","Units",,,115951.667171428,,
"ISR","Israel","CPNCU","Current prices in NCU","2002","2002","ILS","New Israeli Sheqel","0","Units",,,116446.860686616,,
"ISR","Israel","CPNCU","Current prices in NCU","2003","2003","ILS","New Israeli Sheqel","0","Units",,,112880.471799977,,
"ISR","Israel","CPNCU","Current prices in NCU","2004","2004","ILS","New Israeli Sheqel","0","Units",,,111737.544836018,,
"ISR","Israel","CPNCU","Current prices in NCU","2005","2005","ILS","New Israeli Sheqel","0","Units",,,113754,,
"ISR","Israel","CPNCU","Current prices in NCU","2006","2006","ILS","New Israeli Sheqel","0","Units",,,119629,,
"ISR","Israel","CPNCU","Current prices in NCU","2007","2007","ILS","New Israeli Sheqel","0","Units",,,122249,,
"ISR","Israel","CPNCU","Current prices in NCU","2008","2008","ILS","New Israeli Sheqel","0","Units",,,125765,,
"ISR","Israel","CPNCU","Current prices in NCU","2009","2009","ILS","New Israeli Sheqel","0","Units",,,125034,,
"ISR","Israel","CPNCU","Current prices in NCU","2010","2010","ILS","New Israeli Sheqel","0","Units",,,128455,,
"ISR","Israel","CPNCU","Current prices in NCU","2011","2011","ILS","New Israeli Sheqel","0","Units",,,133265,,
"ISR","Israel","CPNCU","Current prices in NCU","2012","2012","ILS","New Israeli Sheqel","0","Units",,,137882,,
"ISR","Israel","CPNCU","Current prices in NCU","2013","2013","ILS","New Israeli Sheqel","0","Units",,,140697,,
"ISR","Israel","CPNCU","Current prices in NCU","2014","2014","ILS","New Israeli Sheqel","0","Units",,,142032,,
"ISR","Israel","CPNCU","Current prices in NCU","2015","2015","ILS","New Israeli Sheqel","0","Units",,,145818,,
"ISR","Israel","CPNCU","Current prices in NCU","2016","2016","ILS","New Israeli Sheqel","0","Units",,,150577,,
"ISR","Israel","CPNCU","Current prices in NCU","2017","2017","ILS","New Israeli Sheqel","0","Units",,,155580,,
"ISR","Israel","CPNCU","Current prices in NCU","2018","2018","ILS","New Israeli Sheqel","0","Units",,,161869,,
"ISR","Israel","CPNCU","Current prices in NCU","2019","2019","ILS","New Israeli Sheqel","0","Units",,,166539,,
"ISR","Israel","CPNCU","Current prices in NCU","2020","2020","ILS","New Israeli Sheqel","0","Units",,,166566,,
"ISR","Israel","CPNCU","Current prices in NCU","2021","2021","ILS","New Israeli Sheqel","0","Units",,,177727.556748358,,
"ISR","Israel","CPNCU","Current prices in NCU","2022","2022","ILS","New Israeli Sheqel","0","Units",,,184075.696325387,,
"SVN","Slovenia","CPNCU","Current prices in NCU","2000","2000","EUR","Euro","0","Units",,,11312.0725721231,,
"SVN","Slovenia","CPNCU","Current prices in NCU","2001","2001","EUR","Euro","0","Units",,,12663.1787655059,,
"SVN","Slovenia","CPNCU","Current prices in NCU","2002","2002","EUR","Euro","0","Units",,,13650.7990138477,,
"SVN","Slovenia","CPNCU","Current prices in NCU","2003","2003","EUR","Euro","0","Units",,,14665.5104328727,,
"SVN","Slovenia","CPNCU","Current prices in NCU","2004","2004","EUR","Euro","0","Units",,,15839.1752488425,,
"SVN","Slovenia","CPNCU","Current prices in NCU","2005","2005","EUR","Euro","0","Units",,,16800,,
"SVN","Slovenia","CPNCU","Current prices in NCU","2006","2006","EUR","Euro","0","Units",,,17764,,
"SVN","Slovenia","CPNCU","Current prices in NCU","2007","2007","EUR","Euro","0","Units",,,18896,,
"SVN","Slovenia","CPNCU","Current prices in NCU","2008","2008","EUR","Euro","0","Units",,,20255,,
"SVN","Slovenia","CPNCU","Current prices in NCU","2009","2009","EUR","Euro","0","Units",,,20628,,
"SVN","Slovenia","CPNCU","Current prices in NCU","2010","2010","EUR","Euro","0","Units",,,21516,,
"SVN","Slovenia","CPNCU","Current prices in NCU","2011","2011","EUR","Euro","0","Units",,,21836,,
"SVN","Slovenia","CPNCU","Current prices in NCU","2012","2012","EUR","Euro","0","Units",,,21540,,
"SVN","Slovenia","CPNCU","Current prices in NCU","2013","2013","EUR","Euro","0","Units",,,21642,,
"SVN","Slovenia","CPNCU","Current prices in NCU","2014","2014","EUR","Euro","0","Units",,,21981,,
"SVN","Slovenia","CPNCU","Current prices in NCU","2015","2015","EUR","Euro","0","Units",,,22324,,
"SVN","Slovenia","CPNCU","Current prices in NCU","2016","2016","EUR","Euro","0","Units",,,23087,,
"SVN","Slovenia","CPNCU","Current prices in NCU","2017","2017","EUR","Euro","0","Units",,,23869,,
"SVN","Slovenia","CPNCU","Current prices in NCU","2018","2018","EUR","Euro","0","Units",,,24778,,
"SVN","Slovenia","CPNCU","Current prices in NCU","2019","2019","EUR","Euro","0","Units",,,25849,,
"SVN","Slovenia","CPNCU","Current prices in NCU","2020","2020","EUR","Euro","0","Units",,,26551,,
"SVN","Slovenia","CPNCU","Current prices in NCU","2021","2021","EUR","Euro","0","Units",,,28521.3510441474,,
"SVN","Slovenia","CPNCU","Current prices in NCU","2022","2022","EUR","Euro","0","Units",,,29789.5418205264,,
"EST","Estonia","CPNCU","Current prices in NCU","2000","2000","EUR","Euro","0","Units",,,4116.87920294707,,
"EST","Estonia","CPNCU","Current prices in NCU","2001","2001","EUR","Euro","0","Units",,,4529.34128940582,,
"EST","Estonia","CPNCU","Current prices in NCU","2002","2002","EUR","Euro","0","Units",,,4955.47882616325,,
"EST","Estonia","CPNCU","Current prices in NCU","2003","2003","EUR","Euro","0","Units",,,5526.27137399453,,
"EST","Estonia","CPNCU","Current prices in NCU","2004","2004","EUR","Euro","0","Units",,,6182.58888687774,,
"EST","Estonia","CPNCU","Current prices in NCU","2005","2005","EUR","Euro","0","Units",,,6837,,
"EST","Estonia","CPNCU","Current prices in NCU","2006","2006","EUR","Euro","0","Units",,,7864,,
"EST","Estonia","CPNCU","Current prices in NCU","2007","2007","EUR","Euro","0","Units",,,9867,,
"EST","Estonia","CPNCU","Current prices in NCU","2008","2008","EUR","Euro","0","Units",,,10800,,
"EST","Estonia","CPNCU","Current prices in NCU","2009","2009","EUR","Euro","0","Units",,,10401,,
"EST","Estonia","CPNCU","Current prices in NCU","2010","2010","EUR","Euro","0","Units",,,10742,,
"EST","Estonia","CPNCU","Current prices in NCU","2011","2011","EUR","Euro","0","Units",,,11020,,
"EST","Estonia","CPNCU","Current prices in NCU","2012","2012","EUR","Euro","0","Units",,,11621,,
"EST","Estonia","CPNCU","Current prices in NCU","2013","2013","EUR","Euro","0","Units",,,12272,,
"EST","Estonia","CPNCU","Current prices in NCU","2014","2014","EUR","Euro","0","Units",,,13033,,
"EST","Estonia","CPNCU","Current prices in NCU","2015","2015","EUR","Euro","0","Units",,,13576,,
"EST","Estonia","CPNCU","Current prices in NCU","2016","2016","EUR","Euro","0","Units",,,14457,,
"EST","Estonia","CPNCU","Current prices in NCU","2017","2017","EUR","Euro","0","Units",,,15415,,
"EST","Estonia","CPNCU","Current prices in NCU","2018","2018","EUR","Euro","0","Units",,,16970,,
"EST","Estonia","CPNCU","Current prices in NCU","2019","2019","EUR","Euro","0","Units",,,18318,,
"EST","Estonia","CPNCU","Current prices in NCU","2020","2020","EUR","Euro","0","Units",,,19338,,
"EST","Estonia","CPNCU","Current prices in NCU","2021","2021","EUR","Euro","0","Units",,,21321.8177724066,,
"EST","Estonia","CPNCU","Current prices in NCU","2022","2022","EUR","Euro","0","Units",,,23119.4366659027,,
"MEX","Mexico","CPNCU","Current prices in NCU","2000","2000","MXN","Mexican Peso","0","Units",,,73705.7050489727,,
"MEX","Mexico","CPNCU","Current prices in NCU","2001","2001","MXN","Mexican Peso","0","Units",,,81474.680027596,,
"MEX","Mexico","CPNCU","Current prices in NCU","2002","2002","MXN","Mexican Peso","0","Units",,,85092.5992522885,,
"MEX","Mexico","CPNCU","Current prices in NCU","2003","2003","MXN","Mexican Peso","0","Units",,,90118.8808774824,,
"MEX","Mexico","CPNCU","Current prices in NCU","2004","2004","MXN","Mexican Peso","0","Units",,,94334.157247455,,
"MEX","Mexico","CPNCU","Current prices in NCU","2005","2005","MXN","Mexican Peso","0","Units",,,100566,,
"MEX","Mexico","CPNCU","Current prices in NCU","2006","2006","MXN","Mexican Peso","0","Units",,,105125,,
"MEX","Mexico","CPNCU","Current prices in NCU","2007","2007","MXN","Mexican Peso","0","Units",,,111237,,
"MEX","Mexico","CPNCU","Current prices in NCU","2008","2008","MXN","Mexican Peso","0","Units",,,117185,,
"MEX","Mexico","CPNCU","Current prices in NCU","2009","2009","MXN","Mexican Peso","0","Units",,,122012,,
"MEX","Mexico","CPNCU","Current prices in NCU","2010","2010","MXN","Mexican Peso","0","Units",,,120378,,
"MEX","Mexico","CPNCU","Current prices in NCU","2011","2011","MXN","Mexican Peso","0","Units",,,127861,,
"MEX","Mexico","CPNCU","Current prices in NCU","2012","2012","MXN","Mexican Peso","0","Units",,,132166,,
"MEX","Mexico","CPNCU","Current prices in NCU","2013","2013","MXN","Mexican Peso","0","Units",,,137357,,
"MEX","Mexico","CPNCU","Current prices in NCU","2014","2014","MXN","Mexican Peso","0","Units",,,143391,,
"MEX","Mexico","CPNCU","Current prices in NCU","2015","2015","MXN","Mexican Peso","0","Units",,,149226,,
"MEX","Mexico","CPNCU","Current prices in NCU","2016","2016","MXN","Mexican Peso","0","Units",,,154450,,
"MEX","Mexico","CPNCU","Current prices in NCU","2017","2017","MXN","Mexican Peso","0","Units",,,161918,,
"MEX","Mexico","CPNCU","Current prices in NCU","2018","2018","MXN","Mexican Peso","0","Units",,,171923,,
"MEX","Mexico","CPNCU","Current prices in NCU","2019","2019","MXN","Mexican Peso","0","Units",,,180025,,
"MEX","Mexico","CPNCU","Current prices in NCU","2020","2020","MXN","Mexican Peso","0","Units",,,181077,,
"MEX","Mexico","CPNCU","Current prices in NCU","2021","2021","MXN","Mexican Peso","0","Units",,,193772.734262884,,
"MEX","Mexico","CPNCU","Current prices in NCU","2022","2022","MXN","Mexican Peso","0","Units",,,199108.22566974,,
"ISL","Iceland","CPNCU","Current prices in NCU","2000","2000","ISK","Iceland Krona","0","Units",,,3472001.13584627,,
"ISL","Iceland","CPNCU","Current prices in NCU","2001","2001","ISK","Iceland Krona","0","Units",,,3721196.93808042,,
"ISL","Iceland","CPNCU","Current prices in NCU","2002","2002","ISK","Iceland Krona","0","Units",,,4036135.89111304,,
"ISL","Iceland","CPNCU","Current prices in NCU","2003","2003","ISK","Iceland Krona","0","Units",,,3975951.15720374,,
"ISL","Iceland","CPNCU","Current prices in NCU","2004","2004","ISK","Iceland Krona","0","Units",,,4360069.66216717,,
"ISL","Iceland","CPNCU","Current prices in NCU","2005","2005","ISK","Iceland Krona","0","Units",,,4759887,,
"ISL","Iceland","CPNCU","Current prices in NCU","2006","2006","ISK","Iceland Krona","0","Units",,,5374709,,
"ISL","Iceland","CPNCU","Current prices in NCU","2007","2007","ISK","Iceland Krona","0","Units",,,5798875,,
"ISL","Iceland","CPNCU","Current prices in NCU","2008","2008","ISK","Iceland Krona","0","Units",,,5882412,,
"ISL","Iceland","CPNCU","Current prices in NCU","2009","2009","ISK","Iceland Krona","0","Units",,,5764970,,
"ISL","Iceland","CPNCU","Current prices in NCU","2010","2010","ISK","Iceland Krona","0","Units",,,6163957,,
"ISL","Iceland","CPNCU","Current prices in NCU","2011","2011","ISK","Iceland Krona","0","Units",,,6660968,,
"ISL","Iceland","CPNCU","Current prices in NCU","2012","2012","ISK","Iceland Krona","0","Units",,,7013811,,
"ISL","Iceland","CPNCU","Current prices in NCU","2013","2013","ISK","Iceland Krona","0","Units",,,7383768,,
"ISL","Iceland","CPNCU","Current prices in NCU","2014","2014","ISK","Iceland Krona","0","Units",,,7677867,,
"ISL","Iceland","CPNCU","Current prices in NCU","2015","2015","ISK","Iceland Krona","0","Units",,,8246070,,
"ISL","Iceland","CPNCU","Current prices in NCU","2016","2016","ISK","Iceland Krona","0","Units",,,9266481,,
"ISL","Iceland","CPNCU","Current prices in NCU","2017","2017","ISK","Iceland Krona","0","Units",,,10053069,,
"ISL","Iceland","CPNCU","Current prices in NCU","2018","2018","ISK","Iceland Krona","0","Units",,,10939331,,
"ISL","Iceland","CPNCU","Current prices in NCU","2019","2019","ISK","Iceland Krona","0","Units",,,10979069,,
"ISL","Iceland","CPNCU","Current prices in NCU","2020","2020","ISK","Iceland Krona","0","Units",,,10651196,,
"ISL","Iceland","CPNCU","Current prices in NCU","2021","2021","ISK","Iceland Krona","0","Units",,,11524362.3490969,,
"ISL","Iceland","CPNCU","Current prices in NCU","2022","2022","ISK","Iceland Krona","0","Units",,,13153719.823704,,
"NZL","New Zealand","CPNCU","Current prices in NCU","2000","2000","NZD","New Zealand Dollar","0","Units",,,38144.5569337542,,
"NZL","New Zealand","CPNCU","Current prices in NCU","2001","2001","NZD","New Zealand Dollar","0","Units",,,39669.7919740929,,
"NZL","New Zealand","CPNCU","Current prices in NCU","2002","2002","NZD","New Zealand Dollar","0","Units",,,41227.4729785209,,
"NZL","New Zealand","CPNCU","Current prices in NCU","2003","2003","NZD","New Zealand Dollar","0","Units",,,42961.392378729,,
"NZL","New Zealand","CPNCU","Current prices in NCU","2004","2004","NZD","New Zealand Dollar","0","Units",,,45051.4427853477,,
"NZL","New Zealand","CPNCU","Current prices in NCU","2005","2005","NZD","New Zealand Dollar","0","Units",,,46698,,
"NZL","New Zealand","CPNCU","Current prices in NCU","2006","2006","NZD","New Zealand Dollar","0","Units",,,48382,,
"NZL","New Zealand","CPNCU","Current prices in NCU","2007","2007","NZD","New Zealand Dollar","0","Units",,,52039,,
"NZL","New Zealand","CPNCU","Current prices in NCU","2008","2008","NZD","New Zealand Dollar","0","Units",,,53374,,
"NZL","New Zealand","CPNCU","Current prices in NCU","2009","2009","NZD","New Zealand Dollar","0","Units",,,55441,,
"NZL","New Zealand","CPNCU","Current prices in NCU","2010","2010","NZD","New Zealand Dollar","0","Units",,,56755,,
"NZL","New Zealand","CPNCU","Current prices in NCU","2011","2011","NZD","New Zealand Dollar","0","Units",,,58365,,
"NZL","New Zealand","CPNCU","Current prices in NCU","2012","2012","NZD","New Zealand Dollar","0","Units",,,60082,,
"NZL","New Zealand","CPNCU","Current prices in NCU","2013","2013","NZD","New Zealand Dollar","0","Units",,,59693,,
"NZL","New Zealand","CPNCU","Current prices in NCU","2014","2014","NZD","New Zealand Dollar","0","Units",,,60459,,
"NZL","New Zealand","CPNCU","Current prices in NCU","2015","2015","NZD","New Zealand Dollar","0","Units",,,62025,,
"NZL","New Zealand","CPNCU","Current prices in NCU","2016","2016","NZD","New Zealand Dollar","0","Units",,,64464,,
"NZL","New Zealand","CPNCU","Current prices in NCU","2017","2017","NZD","New Zealand Dollar","0","Units",,,65927,,
"NZL","New Zealand","CPNCU","Current prices in NCU","2018","2018","NZD","New Zealand Dollar","0","Units",,,68456,,
"NZL","New Zealand","CPNCU","Current prices in NCU","2019","2019","NZD","New Zealand Dollar","0","Units",,,71568,,
"NZL","New Zealand","CPNCU","Current prices in NCU","2020","2020","NZD","New Zealand Dollar","0","Units",,,74479,,
"NZL","New Zealand","CPNCU","Current prices in NCU","2021","2021","NZD","New Zealand Dollar","0","Units",,,77368.4552180936,,
"NZL","New Zealand","CPNCU","Current prices in NCU","2022","2022","NZD","New Zealand Dollar","0","Units",,,80400.8855069856,,
"CHL","Chile","CPNCU","Current prices in NCU","2000","2000","CLP","Chilean Peso","0","Units",,,4410850.39956582,,
"CHL","Chile","CPNCU","Current prices in NCU","2001","2001","CLP","Chilean Peso","0","Units",,,4749511.16712663,,
"CHL","Chile","CPNCU","Current prices in NCU","2002","2002","CLP","Chilean Peso","0","Units",,,4952118.30019009,,
"CHL","Chile","CPNCU","Current prices in NCU","2003","2003","CLP","Chilean Peso","0","Units",,,5187353.08287956,,
"CHL","Chile","CPNCU","Current prices in NCU","2004","2004","CLP","Chilean Peso","0","Units",,,5143976.68179694,,
"CHL","Chile","CPNCU","Current prices in NCU","2005","2005","CLP","Chilean Peso","0","Units",,,5329935,,
"CHL","Chile","CPNCU","Current prices in NCU","2006","2006","CLP","Chilean Peso","0","Units",,,5647849,,
"CHL","Chile","CPNCU","Current prices in NCU","2007","2007","CLP","Chilean Peso","0","Units",,,6037115,,
"CHL","Chile","CPNCU","Current prices in NCU","2008","2008","CLP","Chilean Peso","0","Units",,,6705333,,
"CHL","Chile","CPNCU","Current prices in NCU","2009","2009","CLP","Chilean Peso","0","Units",,,7343943,,
"CHL","Chile","CPNCU","Current prices in NCU","2010","2010","CLP","Chilean Peso","0","Units",,,8599482,,
"CHL","Chile","CPNCU","Current prices in NCU","2011","2011","CLP","Chilean Peso","0","Units",,,9118963,,
"CHL","Chile","CPNCU","Current prices in NCU","2012","2012","CLP","Chilean Peso","0","Units",,,9694163,,
"CHL","Chile","CPNCU","Current prices in NCU","2013","2013","CLP","Chilean Peso","0","Units",,,10233588,,
"CHL","Chile","CPNCU","Current prices in NCU","2014","2014","CLP","Chilean Peso","0","Units",,,10912495,,
"CHL","Chile","CPNCU","Current prices in NCU","2015","2015","CLP","Chilean Peso","0","Units",,,11513194,,
"CHL","Chile","CPNCU","Current prices in NCU","2016","2016","CLP","Chilean Peso","0","Units",,,12411088,,
"CHL","Chile","CPNCU","Current prices in NCU","2017","2017","CLP","Chilean Peso","0","Units",,,12325499,,
"CHL","Chile","CPNCU","Current prices in NCU","2018","2018","CLP","Chilean Peso","0","Units",,,13144614,,
"CHL","Chile","CPNCU","Current prices in NCU","2019","2019","CLP","Chilean Peso","0","Units",,,13728356,,
"CHL","Chile","CPNCU","Current prices in NCU","2020","2020","CLP","Chilean Peso","0","Units",,,13662614,,
"CHL","Chile","CPNCU","Current prices in NCU","2021","2021","CLP","Chilean Peso","0","Units",,,15006874.7752703,,
"LVA","Latvia","CPNCU","Current prices in NCU","2000","2000","EUR","Euro","0","Units",,,3067.72955908892,,
"LVA","Latvia","CPNCU","Current prices in NCU","2001","2001","EUR","Euro","0","Units",,,3245.34536839711,,
"LVA","Latvia","CPNCU","Current prices in NCU","2002","2002","EUR","Euro","0","Units",,,3317.46996823345,,
"LVA","Latvia","CPNCU","Current prices in NCU","2003","2003","EUR","Euro","0","Units",,,3744.30806943978,,
"LVA","Latvia","CPNCU","Current prices in NCU","2004","2004","EUR","Euro","0","Units",,,4335.21027038536,,
"LVA","Latvia","CPNCU","Current prices in NCU","2005","2005","EUR","Euro","0","Units",,,5531,,
"LVA","Latvia","CPNCU","Current prices in NCU","2006","2006","EUR","Euro","0","Units",,,6718,,
"LVA","Latvia","CPNCU","Current prices in NCU","2007","2007","EUR","Euro","0","Units",,,9248,,
"LVA","Latvia","CPNCU","Current prices in NCU","2008","2008","EUR","Euro","0","Units",,,10828,,
"LVA","Latvia","CPNCU","Current prices in NCU","2009","2009","EUR","Euro","0","Units",,,9424,,
"LVA","Latvia","CPNCU","Current prices in NCU","2010","2010","EUR","Euro","0","Units",,,8841,,
"LVA","Latvia","CPNCU","Current prices in NCU","2011","2011","EUR","Euro","0","Units",,,9065,,
"LVA","Latvia","CPNCU","Current prices in NCU","2012","2012","EUR","Euro","0","Units",,,9739,,
"LVA","Latvia","CPNCU","Current prices in NCU","2013","2013","EUR","Euro","0","Units",,,10249,,
"LVA","Latvia","CPNCU","Current prices in NCU","2014","2014","EUR","Euro","0","Units",,,11078,,
"LVA","Latvia","CPNCU","Current prices in NCU","2015","2015","EUR","Euro","0","Units",,,11938,,
"LVA","Latvia","CPNCU","Current prices in NCU","2016","2016","EUR","Euro","0","Units",,,12787,,
"LVA","Latvia","CPNCU","Current prices in NCU","2017","2017","EUR","Euro","0","Units",,,13678,,
"LVA","Latvia","CPNCU","Current prices in NCU","2018","2018","EUR","Euro","0","Units",,,14612,,
"LVA","Latvia","CPNCU","Current prices in NCU","2019","2019","EUR","Euro","0","Units",,,15704,,
"LVA","Latvia","CPNCU","Current prices in NCU","2020","2020","EUR","Euro","0","Units",,,16435,,
"LVA","Latvia","CPNCU","Current prices in NCU","2021","2021","EUR","Euro","0","Units",,,18396.9783019468,,
"LVA","Latvia","CPNCU","Current prices in NCU","2022","2022","EUR","Euro","0","Units",,,19961.3543215575,,
"LTU","Lithuania","CPNCU","Current prices in NCU","2000","2000","EUR","Euro","0","Units",,,4757.69551735305,,
"LTU","Lithuania","CPNCU","Current prices in NCU","2001","2001","EUR","Euro","0","Units",,,5143.06567762439,,
"LTU","Lithuania","CPNCU","Current prices in NCU","2002","2002","EUR","Euro","0","Units",,,5467.06805766504,,
"LTU","Lithuania","CPNCU","Current prices in NCU","2003","2003","EUR","Euro","0","Units",,,5961.08248830343,,
"LTU","Lithuania","CPNCU","Current prices in NCU","2004","2004","EUR","Euro","0","Units",,,6603.9142181039,,
"LTU","Lithuania","CPNCU","Current prices in NCU","2005","2005","EUR","Euro","0","Units",,,7466,,
"LTU","Lithuania","CPNCU","Current prices in NCU","2006","2006","EUR","Euro","0","Units",,,8945,,
"LTU","Lithuania","CPNCU","Current prices in NCU","2007","2007","EUR","Euro","0","Units",,,10085,,
"LTU","Lithuania","CPNCU","Current prices in NCU","2008","2008","EUR","Euro","0","Units",,,11388,,
"LTU","Lithuania","CPNCU","Current prices in NCU","2009","2009","EUR","Euro","0","Units",,,10320,,
"LTU","Lithuania","CPNCU","Current prices in NCU","2010","2010","EUR","Euro","0","Units",,,10515,,
"LTU","Lithuania","CPNCU","Current prices in NCU","2011","2011","EUR","Euro","0","Units",,,11198,,
"LTU","Lithuania","CPNCU","Current prices in NCU","2012","2012","EUR","Euro","0","Units",,,11740,,
"LTU","Lithuania","CPNCU","Current prices in NCU","2013","2013","EUR","Euro","0","Units",,,12288,,
"LTU","Lithuania","CPNCU","Current prices in NCU","2014","2014","EUR","Euro","0","Units",,,12847,,
"LTU","Lithuania","CPNCU","Current prices in NCU","2015","2015","EUR","Euro","0","Units",,,13552,,
"LTU","Lithuania","CPNCU","Current prices in NCU","2016","2016","EUR","Euro","0","Units",,,14389,,
"LTU","Lithuania","CPNCU","Current prices in NCU","2017","2017","EUR","Euro","0","Units",,,15735,,
"LTU","Lithuania","CPNCU","Current prices in NCU","2018","2018","EUR","Euro","0","Units",,,16902,,
"LTU","Lithuania","CPNCU","Current prices in NCU","2019","2019","EUR","Euro","0","Units",,,18382,,
"LTU","Lithuania","CPNCU","Current prices in NCU","2020","2020","EUR","Euro","0","Units",,,19555,,
"LTU","Lithuania","CPNCU","Current prices in NCU","2021","2021","EUR","Euro","0","Units",,,21749.9413821952,,
"LTU","Lithuania","CPNCU","Current prices in NCU","2022","2022","EUR","Euro","0","Units",,,24111.5599357483,,
"TUR","Türkiye","CPNCU","Current prices in NCU","2000","2000",,,"0","Units",,,4486.59574456929,,
"TUR","Türkiye","CPNCU","Current prices in NCU","2001","2001",,,"0","Units",,,6167.41792388649,,
"TUR","Türkiye","CPNCU","Current prices in NCU","2002","2002",,,"0","Units",,,8674.38059352312,,
"TUR","Türkiye","CPNCU","Current prices in NCU","2003","2003",,,"0","Units",,,11329.6287851028,,
"TUR","Türkiye","CPNCU","Current prices in NCU","2004","2004",,,"0","Units",,,13437.0464930342,,
"TUR","Türkiye","CPNCU","Current prices in NCU","2005","2005",,,"0","Units",,,15112,,
"TUR","Türkiye","CPNCU","Current prices in NCU","2006","2006",,,"0","Units",,,16655,,
"TUR","Türkiye","CPNCU","Current prices in NCU","2007","2007",,,"0","Units",,,18368,,
"TUR","Türkiye","CPNCU","Current prices in NCU","2008","2008",,,"0","Units",,,20218,,
"TUR","Türkiye","CPNCU","Current prices in NCU","2009","2009",,,"0","Units",,,21512,,
"TUR","Türkiye","CPNCU","Current prices in NCU","2010","2010",,,"0","Units",,,23439,,
"TUR","Türkiye","CPNCU","Current prices in NCU","2011","2011",,,"0","Units",,,25632,,
"TUR","Türkiye","CPNCU","Current prices in NCU","2012","2012",,,"0","Units",,,28741,,
"TUR","Türkiye","CPNCU","Current prices in NCU","2013","2013",,,"0","Units",,,31827,,
"TUR","Türkiye","CPNCU","Current prices in NCU","2014","2014",,,"0","Units",,,35452,,
"TUR","Türkiye","CPNCU","Current prices in NCU","2015","2015",,,"0","Units",,,39320,,
"TUR","Türkiye","CPNCU","Current prices in NCU","2016","2016",,,"0","Units",,,47023,,
"TUR","Türkiye","CPNCU","Current prices in NCU","2017","2017",,,"0","Units",,,51346,,
"TUR","Türkiye","CPNCU","Current prices in NCU","2018","2018",,,"0","Units",,,59646,,
"TUR","Türkiye","CPNCU","Current prices in NCU","2019","2019",,,"0","Units",,,72577,,
"TUR","Türkiye","CPNCU","Current prices in NCU","2020","2020",,,"0","Units",,,81782,,
"COL","Colombia","CPNCU","Current prices in NCU","2005","2005",,,"0","Units",,,11985633,,
"COL","Colombia","CPNCU","Current prices in NCU","2006","2006",,,"0","Units",,,13715260,,
"COL","Colombia","CPNCU","Current prices in NCU","2007","2007",,,"0","Units",,,14292329,,
"COL","Colombia","CPNCU","Current prices in NCU","2008","2008",,,"0","Units",,,16519681,,
"COL","Colombia","CPNCU","Current prices in NCU","2009","2009",,,"0","Units",,,17835266,,
"COL","Colombia","CPNCU","Current prices in NCU","2010","2010",,,"0","Units",,,18852382,,
"COL","Colombia","CPNCU","Current prices in NCU","2011","2011",,,"0","Units",,,19803918,,
"COL","Colombia","CPNCU","Current prices in NCU","2012","2012",,,"0","Units",,,21016669,,
"COL","Colombia","CPNCU","Current prices in NCU","2013","2013",,,"0","Units",,,21931930,,
"COL","Colombia","CPNCU","Current prices in NCU","2014","2014",,,"0","Units",,,22641366,,
"COL","Colombia","CPNCU","Current prices in NCU","2015","2015",,,"0","Units",,,24141708,,
"COL","Colombia","CPNCU","Current prices in NCU","2016","2016",,,"0","Units",,,25482438,,
"COL","Colombia","CPNCU","Current prices in NCU","2017","2017",,,"0","Units",,,27083561,,
"COL","Colombia","CPNCU","Current prices in NCU","2018","2018",,,"0","Units",,,29058069,,
"COL","Colombia","CPNCU","Current prices in NCU","2019","2019",,,"0","Units",,,30108966,,
"COL","Colombia","CPNCU","Current prices in NCU","2020","2020",,,"0","Units",,,34865307,,
"COL","Colombia","CPNCU","Current prices in NCU","2021","2021",,,"0","Units",,,33612277.5588083,,
"CRI","Costa Rica","CPNCU","Current prices in NCU","2000","2000",,,"0","Units",,,1782468.91736297,,
"CRI","Costa Rica","CPNCU","Current prices in NCU","2001","2001",,,"0","Units",,,2006525.71266625,,
"CRI","Costa Rica","CPNCU","Current prices in NCU","2002","2002",,,"0","Units",,,2245841.80808868,,
"CRI","Costa Rica","CPNCU","Current prices in NCU","2003","2003",,,"0","Units",,,2433363.30028074,,
"CRI","Costa Rica","CPNCU","Current prices in NCU","2004","2004",,,"0","Units",,,2792735.67220434,,
"CRI","Costa Rica","CPNCU","Current prices in NCU","2005","2005",,,"0","Units",,,2937090,,
"CRI","Costa Rica","CPNCU","Current prices in NCU","2006","2006",,,"0","Units",,,3463752,,
"CRI","Costa Rica","CPNCU","Current prices in NCU","2007","2007",,,"0","Units",,,3810330,,
"CRI","Costa Rica","CPNCU","Current prices in NCU","2008","2008",,,"0","Units",,,4446661,,
"CRI","Costa Rica","CPNCU","Current prices in NCU","2009","2009",,,"0","Units",,,5154273,,
"CRI","Costa Rica","CPNCU","Current prices in NCU","2010","2010",,,"0","Units",,,5631438,,
"CRI","Costa Rica","CPNCU","Current prices in NCU","2011","2011",,,"0","Units",,,6178669,,
"CRI","Costa Rica","CPNCU","Current prices in NCU","2012","2012",,,"0","Units",,,6484106,,
"CRI","Costa Rica","CPNCU","Current prices in NCU","2013","2013",,,"0","Units",,,7280101,,
"CRI","Costa Rica","CPNCU","Current prices in NCU","2014","2014",,,"0","Units",,,7666969,,
"CRI","Costa Rica","CPNCU","Current prices in NCU","2015","2015",,,"0","Units",,,8268797,,
"CRI","Costa Rica","CPNCU","Current prices in NCU","2016","2016",,,"0","Units",,,8727305,,
"CRI","Costa Rica","CPNCU","Current prices in NCU","2017","2017",,,"0","Units",,,8891675,,
"CRI","Costa Rica","CPNCU","Current prices in NCU","2018","2018",,,"0","Units",,,9347486,,
"CRI","Costa Rica","CPNCU","Current prices in NCU","2019","2019",,,"0","Units",,,9846887,,
"CRI","Costa Rica","CPNCU","Current prices in NCU","2020","2020",,,"0","Units",,,10894819,,
"CRI","Costa Rica","CPNCU","Current prices in NCU","2021","2021",,,"0","Units",,,11085732.361113,,
