year,prefecture,min_wage
2023,Hokkai Do,960
2022,Hokkai Do,920
2021,Hokkai Do,889
2020,Hokkai Do,861
2019,Hokkai Do,861
2018,Hokkai Do,835
2017,Hokkai Do,810
2016,Hokkai Do,786
2015,Hokkai Do,764
2014,Hokkai Do,748
2013,Hokkai Do,734
2012,Hokkai Do,719
2011,Hokkai Do,705
2010,Hokkai Do,691
2009,Hokkai Do,678
2008,Hokkai Do,667
2007,Hokkai Do,654
2006,Hokkai Do,644
2005,Hokkai Do,641
2004,Hokkai Do,638
2003,Hokkai Do,637
2002,Hokkai Do,637
2023,Aomori Ken,898
2022,Aomori Ken,853
2021,Aomori Ken,822
2020,Aomori Ken,793
2019,Aomori Ken,790
2018,Aomori Ken,762
2017,Aomori Ken,738
2016,Aomori Ken,716
2015,Aomori Ken,695
2014,Aomori Ken,679
2013,Aomori Ken,665
2012,Aomori Ken,654
2011,Aomori Ken,647
2010,Aomori Ken,645
2009,Aomori Ken,633
2008,Aomori Ken,630
2007,Aomori Ken,619
2006,Aomori Ken,610
2005,Aomori Ken,608
2004,Aomori Ken,606
2003,Aomori Ken,605
2002,Aomori Ken,605
2023,Iwate Ken,893
2022,Iwate Ken,854
2021,Iwate Ken,821
2020,Iwate Ken,793
2019,Iwate Ken,790
2018,Iwate Ken,762
2017,Iwate Ken,738
2016,Iwate Ken,716
2015,Iwate Ken,695
2014,Iwate Ken,678
2013,Iwate Ken,665
2012,Iwate Ken,653
2011,Iwate Ken,645
2010,Iwate Ken,644
2009,Iwate Ken,631
2008,Iwate Ken,628
2007,Iwate Ken,619
2006,Iwate Ken,610
2005,Iwate Ken,608
2004,Iwate Ken,606
2003,Iwate Ken,605
2002,Iwate Ken,605
2023,Miyagi Ken,923
2022,Miyagi Ken,883
2021,Miyagi Ken,853
2020,Miyagi Ken,825
2019,Miyagi Ken,824
2018,Miyagi Ken,798
2017,Miyagi Ken,772
2016,Miyagi Ken,748
2015,Miyagi Ken,726
2014,Miyagi Ken,710
2013,Miyagi Ken,696
2012,Miyagi Ken,685
2011,Miyagi Ken,675
2010,Miyagi Ken,674
2009,Miyagi Ken,662
2008,Miyagi Ken,653
2007,Miyagi Ken,639
2006,Miyagi Ken,628
2005,Miyagi Ken,623
2004,Miyagi Ken,619
2003,Miyagi Ken,617
2002,Miyagi Ken,617
2023,Akita Ken,897
2022,Akita Ken,853
2021,Akita Ken,822
2020,Akita Ken,792
2019,Akita Ken,790
2018,Akita Ken,762
2017,Akita Ken,738
2016,Akita Ken,716
2015,Akita Ken,695
2014,Akita Ken,679
2013,Akita Ken,665
2012,Akita Ken,654
2011,Akita Ken,647
2010,Akita Ken,645
2009,Akita Ken,632
2008,Akita Ken,629
2007,Akita Ken,618
2006,Akita Ken,610
2005,Akita Ken,608
2004,Akita Ken,606
2003,Akita Ken,605
2002,Akita Ken,605
2023,Yamagata Ken,900
2022,Yamagata Ken,854
2021,Yamagata Ken,822
2020,Yamagata Ken,793
2019,Yamagata Ken,790
2018,Yamagata Ken,763
2017,Yamagata Ken,739
2016,Yamagata Ken,717
2015,Yamagata Ken,696
2014,Yamagata Ken,680
2013,Yamagata Ken,665
2012,Yamagata Ken,654
2011,Yamagata Ken,647
2010,Yamagata Ken,645
2009,Yamagata Ken,631
2008,Yamagata Ken,629
2007,Yamagata Ken,620
2006,Yamagata Ken,613
2005,Yamagata Ken,610
2004,Yamagata Ken,607
2003,Yamagata Ken,606
2002,Yamagata Ken,605
2023,Fukushima Ken,900
2022,Fukushima Ken,858
2021,Fukushima Ken,828
2020,Fukushima Ken,800
2019,Fukushima Ken,798
2018,Fukushima Ken,772
2017,Fukushima Ken,748
2016,Fukushima Ken,726
2015,Fukushima Ken,705
2014,Fukushima Ken,689
2013,Fukushima Ken,675
2012,Fukushima Ken,664
2011,Fukushima Ken,658
2010,Fukushima Ken,657
2009,Fukushima Ken,644
2008,Fukushima Ken,641
2007,Fukushima Ken,629
2006,Fukushima Ken,618
2005,Fukushima Ken,614
2004,Fukushima Ken,611
2003,Fukushima Ken,610
2002,Fukushima Ken,610
2023,Ibaraki Ken,953
2022,Ibaraki Ken,911
2021,Ibaraki Ken,879
2020,Ibaraki Ken,851
2019,Ibaraki Ken,849
2018,Ibaraki Ken,822
2017,Ibaraki Ken,796
2016,Ibaraki Ken,771
2015,Ibaraki Ken,747
2014,Ibaraki Ken,729
2013,Ibaraki Ken,713
2012,Ibaraki Ken,699
2011,Ibaraki Ken,692
2010,Ibaraki Ken,690
2009,Ibaraki Ken,678
2008,Ibaraki Ken,676
2007,Ibaraki Ken,665
2006,Ibaraki Ken,655
2005,Ibaraki Ken,651
2004,Ibaraki Ken,648
2003,Ibaraki Ken,647
2002,Ibaraki Ken,647
2023,Tochigi Ken,954
2022,Tochigi Ken,913
2021,Tochigi Ken,882
2020,Tochigi Ken,854
2019,Tochigi Ken,853
2018,Tochigi Ken,826
2017,Tochigi Ken,800
2016,Tochigi Ken,775
2015,Tochigi Ken,751
2014,Tochigi Ken,733
2013,Tochigi Ken,718
2012,Tochigi Ken,705
2011,Tochigi Ken,700
2010,Tochigi Ken,697
2009,Tochigi Ken,685
2008,Tochigi Ken,683
2007,Tochigi Ken,671
2006,Tochigi Ken,657
2005,Tochigi Ken,652
2004,Tochigi Ken,649
2003,Tochigi Ken,648
2002,Tochigi Ken,648
2023,Gunma Ken,935
2022,Gunma Ken,895
2021,Gunma Ken,865
2020,Gunma Ken,837
2019,Gunma Ken,835
2018,Gunma Ken,809
2017,Gunma Ken,783
2016,Gunma Ken,759
2015,Gunma Ken,737
2014,Gunma Ken,721
2013,Gunma Ken,707
2012,Gunma Ken,696
2011,Gunma Ken,690
2010,Gunma Ken,688
2009,Gunma Ken,676
2008,Gunma Ken,675
2007,Gunma Ken,664
2006,Gunma Ken,654
2005,Gunma Ken,649
2004,Gunma Ken,645
2003,Gunma Ken,644
2002,Gunma Ken,644
2023,Saitama Ken,1028
2022,Saitama Ken,987
2021,Saitama Ken,956
2020,Saitama Ken,928
2019,Saitama Ken,926
2018,Saitama Ken,898
2017,Saitama Ken,871
2016,Saitama Ken,845
2015,Saitama Ken,820
2014,Saitama Ken,802
2013,Saitama Ken,785
2012,Saitama Ken,771
2011,Saitama Ken,759
2010,Saitama Ken,750
2009,Saitama Ken,735
2008,Saitama Ken,722
2007,Saitama Ken,702
2006,Saitama Ken,687
2005,Saitama Ken,682
2004,Saitama Ken,679
2003,Saitama Ken,678
2002,Saitama Ken,678
2023,Chiba Ken,1026
2022,Chiba Ken,984
2021,Chiba Ken,953
2020,Chiba Ken,925
2019,Chiba Ken,923
2018,Chiba Ken,895
2017,Chiba Ken,868
2016,Chiba Ken,842
2015,Chiba Ken,817
2014,Chiba Ken,798
2013,Chiba Ken,777
2012,Chiba Ken,756
2011,Chiba Ken,748
2010,Chiba Ken,744
2009,Chiba Ken,728
2008,Chiba Ken,723
2007,Chiba Ken,706
2006,Chiba Ken,687
2005,Chiba Ken,682
2004,Chiba Ken,678
2003,Chiba Ken,677
2002,Chiba Ken,677
2023,Tokyo To,1113
2022,Tokyo To,1072
2021,Tokyo To,1041
2020,Tokyo To,1013
2019,Tokyo To,1013
2018,Tokyo To,985
2017,Tokyo To,958
2016,Tokyo To,932
2015,Tokyo To,907
2014,Tokyo To,888
2013,Tokyo To,869
2012,Tokyo To,850
2011,Tokyo To,837
2010,Tokyo To,821
2009,Tokyo To,791
2008,Tokyo To,766
2007,Tokyo To,739
2006,Tokyo To,719
2005,Tokyo To,714
2004,Tokyo To,710
2003,Tokyo To,708
2002,Tokyo To,708
2023,Kanagawa Ken,1112
2022,Kanagawa Ken,1071
2021,Kanagawa Ken,1040
2020,Kanagawa Ken,1012
2019,Kanagawa Ken,1011
2018,Kanagawa Ken,983
2017,Kanagawa Ken,956
2016,Kanagawa Ken,930
2015,Kanagawa Ken,905
2014,Kanagawa Ken,887
2013,Kanagawa Ken,868
2012,Kanagawa Ken,849
2011,Kanagawa Ken,836
2010,Kanagawa Ken,818
2009,Kanagawa Ken,789
2008,Kanagawa Ken,766
2007,Kanagawa Ken,736
2006,Kanagawa Ken,717
2005,Kanagawa Ken,712
2004,Kanagawa Ken,708
2003,Kanagawa Ken,707
2002,Kanagawa Ken,706
2023,Niigata Ken,931
2022,Niigata Ken,890
2021,Niigata Ken,859
2020,Niigata Ken,831
2019,Niigata Ken,830
2018,Niigata Ken,803
2017,Niigata Ken,778
2016,Niigata Ken,753
2015,Niigata Ken,731
2014,Niigata Ken,715
2013,Niigata Ken,701
2012,Niigata Ken,689
2011,Niigata Ken,683
2010,Niigata Ken,681
2009,Niigata Ken,669
2008,Niigata Ken,669
2007,Niigata Ken,657
2006,Niigata Ken,648
2005,Niigata Ken,645
2004,Niigata Ken,642
2003,Niigata Ken,641
2002,Niigata Ken,641
2023,Toyama Ken,948
2022,Toyama Ken,908
2021,Toyama Ken,877
2020,Toyama Ken,849
2019,Toyama Ken,848
2018,Toyama Ken,821
2017,Toyama Ken,795
2016,Toyama Ken,770
2015,Toyama Ken,746
2014,Toyama Ken,728
2013,Toyama Ken,712
2012,Toyama Ken,700
2011,Toyama Ken,692
2010,Toyama Ken,691
2009,Toyama Ken,679
2008,Toyama Ken,677
2007,Toyama Ken,666
2006,Toyama Ken,652
2005,Toyama Ken,648
2004,Toyama Ken,644
2003,Toyama Ken,644
2002,Toyama Ken,644
2023,Ishikawa Ken,933
2022,Ishikawa Ken,891
2021,Ishikawa Ken,861
2020,Ishikawa Ken,833
2019,Ishikawa Ken,832
2018,Ishikawa Ken,806
2017,Ishikawa Ken,781
2016,Ishikawa Ken,757
2015,Ishikawa Ken,735
2014,Ishikawa Ken,718
2013,Ishikawa Ken,704
2012,Ishikawa Ken,693
2011,Ishikawa Ken,687
2010,Ishikawa Ken,686
2009,Ishikawa Ken,674
2008,Ishikawa Ken,673
2007,Ishikawa Ken,662
2006,Ishikawa Ken,652
2005,Ishikawa Ken,649
2004,Ishikawa Ken,646
2003,Ishikawa Ken,645
2002,Ishikawa Ken,645
2023,Fukui Ken,931
2022,Fukui Ken,888
2021,Fukui Ken,858
2020,Fukui Ken,830
2019,Fukui Ken,829
2018,Fukui Ken,803
2017,Fukui Ken,778
2016,Fukui Ken,754
2015,Fukui Ken,732
2014,Fukui Ken,716
2013,Fukui Ken,701
2012,Fukui Ken,690
2011,Fukui Ken,684
2010,Fukui Ken,683
2009,Fukui Ken,671
2008,Fukui Ken,670
2007,Fukui Ken,659
2006,Fukui Ken,649
2005,Fukui Ken,645
2004,Fukui Ken,643
2003,Fukui Ken,642
2002,Fukui Ken,642
2023,Yamanashi Ken,938
2022,Yamanashi Ken,898
2021,Yamanashi Ken,866
2020,Yamanashi Ken,838
2019,Yamanashi Ken,837
2018,Yamanashi Ken,810
2017,Yamanashi Ken,784
2016,Yamanashi Ken,759
2015,Yamanashi Ken,737
2014,Yamanashi Ken,721
2013,Yamanashi Ken,706
2012,Yamanashi Ken,695
2011,Yamanashi Ken,690
2010,Yamanashi Ken,689
2009,Yamanashi Ken,677
2008,Yamanashi Ken,676
2007,Yamanashi Ken,665
2006,Yamanashi Ken,655
2005,Yamanashi Ken,651
2004,Yamanashi Ken,648
2003,Yamanashi Ken,647
2002,Yamanashi Ken,647
2023,Nagano Ken,948
2022,Nagano Ken,908
2021,Nagano Ken,877
2020,Nagano Ken,849
2019,Nagano Ken,848
2018,Nagano Ken,821
2017,Nagano Ken,795
2016,Nagano Ken,770
2015,Nagano Ken,746
2014,Nagano Ken,728
2013,Nagano Ken,713
2012,Nagano Ken,700
2011,Nagano Ken,694
2010,Nagano Ken,693
2009,Nagano Ken,681
2008,Nagano Ken,680
2007,Nagano Ken,669
2006,Nagano Ken,655
2005,Nagano Ken,650
2004,Nagano Ken,647
2003,Nagano Ken,646
2002,Nagano Ken,646
2023,Gifu Ken,950
2022,Gifu Ken,910
2021,Gifu Ken,880
2020,Gifu Ken,852
2019,Gifu Ken,851
2018,Gifu Ken,825
2017,Gifu Ken,800
2016,Gifu Ken,776
2015,Gifu Ken,754
2014,Gifu Ken,738
2013,Gifu Ken,724
2012,Gifu Ken,713
2011,Gifu Ken,707
2010,Gifu Ken,706
2009,Gifu Ken,696
2008,Gifu Ken,696
2007,Gifu Ken,685
2006,Gifu Ken,675
2005,Gifu Ken,671
2004,Gifu Ken,669
2003,Gifu Ken,668
2002,Gifu Ken,668
2023,Shizuoka Ken,984
2022,Shizuoka Ken,944
2021,Shizuoka Ken,913
2020,Shizuoka Ken,885
2019,Shizuoka Ken,885
2018,Shizuoka Ken,858
2017,Shizuoka Ken,832
2016,Shizuoka Ken,807
2015,Shizuoka Ken,783
2014,Shizuoka Ken,765
2013,Shizuoka Ken,749
2012,Shizuoka Ken,735
2011,Shizuoka Ken,728
2010,Shizuoka Ken,725
2009,Shizuoka Ken,713
2008,Shizuoka Ken,711
2007,Shizuoka Ken,697
2006,Shizuoka Ken,682
2005,Shizuoka Ken,677
2004,Shizuoka Ken,673
2003,Shizuoka Ken,671
2002,Shizuoka Ken,671
2023,Aichi Ken,1027
2022,Aichi Ken,986
2021,Aichi Ken,955
2020,Aichi Ken,927
2019,Aichi Ken,926
2018,Aichi Ken,898
2017,Aichi Ken,871
2016,Aichi Ken,845
2015,Aichi Ken,820
2014,Aichi Ken,800
2013,Aichi Ken,780
2012,Aichi Ken,758
2011,Aichi Ken,750
2010,Aichi Ken,745
2009,Aichi Ken,732
2008,Aichi Ken,731
2007,Aichi Ken,714
2006,Aichi Ken,694
2005,Aichi Ken,688
2004,Aichi Ken,683
2003,Aichi Ken,681
2002,Aichi Ken,681
2023,Mie Ken,973
2022,Mie Ken,933
2021,Mie Ken,902
2020,Mie Ken,874
2019,Mie Ken,873
2018,Mie Ken,846
2017,Mie Ken,820
2016,Mie Ken,795
2015,Mie Ken,771
2014,Mie Ken,753
2013,Mie Ken,737
2012,Mie Ken,724
2011,Mie Ken,717
2010,Mie Ken,714
2009,Mie Ken,702
2008,Mie Ken,701
2007,Mie Ken,689
2006,Mie Ken,675
2005,Mie Ken,671
2004,Mie Ken,668
2003,Mie Ken,667
2002,Mie Ken,667
2023,Shiga Ken,967
2022,Shiga Ken,927
2021,Shiga Ken,896
2020,Shiga Ken,868
2019,Shiga Ken,866
2018,Shiga Ken,839
2017,Shiga Ken,813
2016,Shiga Ken,788
2015,Shiga Ken,764
2014,Shiga Ken,746
2013,Shiga Ken,730
2012,Shiga Ken,716
2011,Shiga Ken,709
2010,Shiga Ken,706
2009,Shiga Ken,693
2008,Shiga Ken,691
2007,Shiga Ken,677
2006,Shiga Ken,662
2005,Shiga Ken,657
2004,Shiga Ken,652
2003,Shiga Ken,651
2002,Shiga Ken,651
2023,Kyoto Fu,1008
2022,Kyoto Fu,968
2021,Kyoto Fu,937
2020,Kyoto Fu,909
2019,Kyoto Fu,909
2018,Kyoto Fu,882
2017,Kyoto Fu,856
2016,Kyoto Fu,831
2015,Kyoto Fu,807
2014,Kyoto Fu,789
2013,Kyoto Fu,773
2012,Kyoto Fu,759
2011,Kyoto Fu,751
2010,Kyoto Fu,749
2009,Kyoto Fu,729
2008,Kyoto Fu,717
2007,Kyoto Fu,700
2006,Kyoto Fu,686
2005,Kyoto Fu,682
2004,Kyoto Fu,678
2003,Kyoto Fu,677
2002,Kyoto Fu,677
2023,Osaka Fu,1064
2022,Osaka Fu,1023
2021,Osaka Fu,992
2020,Osaka Fu,964
2019,Osaka Fu,964
2018,Osaka Fu,936
2017,Osaka Fu,909
2016,Osaka Fu,883
2015,Osaka Fu,858
2014,Osaka Fu,838
2013,Osaka Fu,819
2012,Osaka Fu,800
2011,Osaka Fu,786
2010,Osaka Fu,779
2009,Osaka Fu,762
2008,Osaka Fu,748
2007,Osaka Fu,731
2006,Osaka Fu,712
2005,Osaka Fu,708
2004,Osaka Fu,704
2003,Osaka Fu,703
2002,Osaka Fu,703
2023,Hyogo Ken,1001
2022,Hyogo Ken,960
2021,Hyogo Ken,928
2020,Hyogo Ken,900
2019,Hyogo Ken,899
2018,Hyogo Ken,871
2017,Hyogo Ken,844
2016,Hyogo Ken,819
2015,Hyogo Ken,794
2014,Hyogo Ken,776
2013,Hyogo Ken,761
2012,Hyogo Ken,749
2011,Hyogo Ken,739
2010,Hyogo Ken,734
2009,Hyogo Ken,721
2008,Hyogo Ken,712
2007,Hyogo Ken,697
2006,Hyogo Ken,683
2005,Hyogo Ken,679
2004,Hyogo Ken,676
2003,Hyogo Ken,675
2002,Hyogo Ken,675
2023,Nara Ken,936
2022,Nara Ken,896
2021,Nara Ken,866
2020,Nara Ken,838
2019,Nara Ken,837
2018,Nara Ken,811
2017,Nara Ken,786
2016,Nara Ken,762
2015,Nara Ken,740
2014,Nara Ken,724
2013,Nara Ken,710
2012,Nara Ken,699
2011,Nara Ken,693
2010,Nara Ken,691
2009,Nara Ken,679
2008,Nara Ken,678
2007,Nara Ken,667
2006,Nara Ken,656
2005,Nara Ken,652
2004,Nara Ken,648
2003,Nara Ken,647
2002,Nara Ken,647
2023,Wakayama Ken,929
2022,Wakayama Ken,889
2021,Wakayama Ken,859
2020,Wakayama Ken,831
2019,Wakayama Ken,830
2018,Wakayama Ken,803
2017,Wakayama Ken,777
2016,Wakayama Ken,753
2015,Wakayama Ken,731
2014,Wakayama Ken,715
2013,Wakayama Ken,701
2012,Wakayama Ken,690
2011,Wakayama Ken,685
2010,Wakayama Ken,684
2009,Wakayama Ken,674
2008,Wakayama Ken,673
2007,Wakayama Ken,662
2006,Wakayama Ken,652
2005,Wakayama Ken,649
2004,Wakayama Ken,645
2003,Wakayama Ken,645
2002,Wakayama Ken,645
2023,Tottori Ken,900
2022,Tottori Ken,854
2021,Tottori Ken,821
2020,Tottori Ken,792
2019,Tottori Ken,790
2018,Tottori Ken,762
2017,Tottori Ken,738
2016,Tottori Ken,715
2015,Tottori Ken,693
2014,Tottori Ken,677
2013,Tottori Ken,664
2012,Tottori Ken,653
2011,Tottori Ken,646
2010,Tottori Ken,642
2009,Tottori Ken,630
2008,Tottori Ken,629
2007,Tottori Ken,621
2006,Tottori Ken,614
2005,Tottori Ken,612
2004,Tottori Ken,611
2003,Tottori Ken,610
2002,Tottori Ken,610
2023,Shimane Ken,904
2022,Shimane Ken,857
2021,Shimane Ken,824
2020,Shimane Ken,792
2019,Shimane Ken,790
2018,Shimane Ken,764
2017,Shimane Ken,740
2016,Shimane Ken,718
2015,Shimane Ken,696
2014,Shimane Ken,679
2013,Shimane Ken,664
2012,Shimane Ken,652
2011,Shimane Ken,646
2010,Shimane Ken,642
2009,Shimane Ken,630
2008,Shimane Ken,629
2007,Shimane Ken,621
2006,Shimane Ken,614
2005,Shimane Ken,612
2004,Shimane Ken,610
2003,Shimane Ken,609
2002,Shimane Ken,609
2023,Okayama Ken,932
2022,Okayama Ken,892
2021,Okayama Ken,862
2020,Okayama Ken,834
2019,Okayama Ken,833
2018,Okayama Ken,807
2017,Okayama Ken,781
2016,Okayama Ken,757
2015,Okayama Ken,735
2014,Okayama Ken,719
2013,Okayama Ken,703
2012,Okayama Ken,691
2011,Okayama Ken,685
2010,Okayama Ken,683
2009,Okayama Ken,670
2008,Okayama Ken,669
2007,Okayama Ken,658
2006,Okayama Ken,648
2005,Okayama Ken,644
2004,Okayama Ken,641
2003,Okayama Ken,640
2002,Okayama Ken,640
2023,Hiroshima Ken,970
2022,Hiroshima Ken,930
2021,Hiroshima Ken,899
2020,Hiroshima Ken,871
2019,Hiroshima Ken,871
2018,Hiroshima Ken,844
2017,Hiroshima Ken,818
2016,Hiroshima Ken,793
2015,Hiroshima Ken,769
2014,Hiroshima Ken,750
2013,Hiroshima Ken,733
2012,Hiroshima Ken,719
2011,Hiroshima Ken,710
2010,Hiroshima Ken,704
2009,Hiroshima Ken,692
2008,Hiroshima Ken,683
2007,Hiroshima Ken,669
2006,Hiroshima Ken,654
2005,Hiroshima Ken,649
2004,Hiroshima Ken,645
2003,Hiroshima Ken,644
2002,Hiroshima Ken,644
2023,Yamaguchi Ken,928
2022,Yamaguchi Ken,888
2021,Yamaguchi Ken,857
2020,Yamaguchi Ken,829
2019,Yamaguchi Ken,829
2018,Yamaguchi Ken,802
2017,Yamaguchi Ken,777
2016,Yamaguchi Ken,753
2015,Yamaguchi Ken,731
2014,Yamaguchi Ken,715
2013,Yamaguchi Ken,701
2012,Yamaguchi Ken,690
2011,Yamaguchi Ken,684
2010,Yamaguchi Ken,681
2009,Yamaguchi Ken,669
2008,Yamaguchi Ken,668
2007,Yamaguchi Ken,657
2006,Yamaguchi Ken,646
2005,Yamaguchi Ken,642
2004,Yamaguchi Ken,638
2003,Yamaguchi Ken,637
2002,Yamaguchi Ken,637
2023,Tokushima Ken,896
2022,Tokushima Ken,855
2021,Tokushima Ken,824
2020,Tokushima Ken,796
2019,Tokushima Ken,793
2018,Tokushima Ken,766
2017,Tokushima Ken,740
2016,Tokushima Ken,716
2015,Tokushima Ken,695
2014,Tokushima Ken,679
2013,Tokushima Ken,666
2012,Tokushima Ken,654
2011,Tokushima Ken,647
2010,Tokushima Ken,645
2009,Tokushima Ken,633
2008,Tokushima Ken,632
2007,Tokushima Ken,625
2006,Tokushima Ken,617
2005,Tokushima Ken,615
2004,Tokushima Ken,612
2003,Tokushima Ken,611
2002,Tokushima Ken,611
2023,Kagawa Ken,918
2022,Kagawa Ken,878
2021,Kagawa Ken,848
2020,Kagawa Ken,820
2019,Kagawa Ken,818
2018,Kagawa Ken,792
2017,Kagawa Ken,766
2016,Kagawa Ken,742
2015,Kagawa Ken,719
2014,Kagawa Ken,702
2013,Kagawa Ken,686
2012,Kagawa Ken,674
2011,Kagawa Ken,667
2010,Kagawa Ken,664
2009,Kagawa Ken,652
2008,Kagawa Ken,651
2007,Kagawa Ken,640
2006,Kagawa Ken,629
2005,Kagawa Ken,625
2004,Kagawa Ken,620
2003,Kagawa Ken,619
2002,Kagawa Ken,618
2023,Ehime Ken,897
2022,Ehime Ken,853
2021,Ehime Ken,821
2020,Ehime Ken,793
2019,Ehime Ken,790
2018,Ehime Ken,764
2017,Ehime Ken,739
2016,Ehime Ken,717
2015,Ehime Ken,696
2014,Ehime Ken,680
2013,Ehime Ken,666
2012,Ehime Ken,654
2011,Ehime Ken,647
2010,Ehime Ken,644
2009,Ehime Ken,632
2008,Ehime Ken,631
2007,Ehime Ken,623
2006,Ehime Ken,616
2005,Ehime Ken,614
2004,Ehime Ken,612
2003,Ehime Ken,611
2002,Ehime Ken,611
2023,Kochi Ken,897
2022,Kochi Ken,853
2021,Kochi Ken,820
2020,Kochi Ken,792
2019,Kochi Ken,790
2018,Kochi Ken,762
2017,Kochi Ken,737
2016,Kochi Ken,715
2015,Kochi Ken,693
2014,Kochi Ken,677
2013,Kochi Ken,664
2012,Kochi Ken,652
2011,Kochi Ken,645
2010,Kochi Ken,642
2009,Kochi Ken,631
2008,Kochi Ken,630
2007,Kochi Ken,622
2006,Kochi Ken,615
2005,Kochi Ken,613
2004,Kochi Ken,611
2003,Kochi Ken,611
2002,Kochi Ken,611
2023,Fukuoka Ken,941
2022,Fukuoka Ken,900
2021,Fukuoka Ken,870
2020,Fukuoka Ken,842
2019,Fukuoka Ken,841
2018,Fukuoka Ken,814
2017,Fukuoka Ken,789
2016,Fukuoka Ken,765
2015,Fukuoka Ken,743
2014,Fukuoka Ken,727
2013,Fukuoka Ken,712
2012,Fukuoka Ken,701
2011,Fukuoka Ken,695
2010,Fukuoka Ken,692
2009,Fukuoka Ken,680
2008,Fukuoka Ken,675
2007,Fukuoka Ken,663
2006,Fukuoka Ken,652
2005,Fukuoka Ken,648
2004,Fukuoka Ken,645
2003,Fukuoka Ken,644
2002,Fukuoka Ken,643
2023,Saga Ken,900
2022,Saga Ken,853
2021,Saga Ken,821
2020,Saga Ken,792
2019,Saga Ken,790
2018,Saga Ken,762
2017,Saga Ken,737
2016,Saga Ken,715
2015,Saga Ken,694
2014,Saga Ken,678
2013,Saga Ken,664
2012,Saga Ken,653
2011,Saga Ken,646
2010,Saga Ken,642
2009,Saga Ken,629
2008,Saga Ken,628
2007,Saga Ken,619
2006,Saga Ken,611
2005,Saga Ken,608
2004,Saga Ken,606
2003,Saga Ken,605
2002,Saga Ken,605
2023,Nagasaki Ken,898
2022,Nagasaki Ken,853
2021,Nagasaki Ken,821
2020,Nagasaki Ken,793
2019,Nagasaki Ken,790
2018,Nagasaki Ken,762
2017,Nagasaki Ken,737
2016,Nagasaki Ken,715
2015,Nagasaki Ken,694
2014,Nagasaki Ken,677
2013,Nagasaki Ken,664
2012,Nagasaki Ken,653
2011,Nagasaki Ken,646
2010,Nagasaki Ken,642
2009,Nagasaki Ken,629
2008,Nagasaki Ken,628
2007,Nagasaki Ken,619
2006,Nagasaki Ken,611
2005,Nagasaki Ken,608
2004,Nagasaki Ken,606
2003,Nagasaki Ken,605
2002,Nagasaki Ken,605
2023,Kumamoto Ken,898
2022,Kumamoto Ken,853
2021,Kumamoto Ken,821
2020,Kumamoto Ken,793
2019,Kumamoto Ken,790
2018,Kumamoto Ken,762
2017,Kumamoto Ken,737
2016,Kumamoto Ken,715
2015,Kumamoto Ken,694
2014,Kumamoto Ken,677
2013,Kumamoto Ken,664
2012,Kumamoto Ken,653
2011,Kumamoto Ken,647
2010,Kumamoto Ken,643
2009,Kumamoto Ken,630
2008,Kumamoto Ken,628
2007,Kumamoto Ken,620
2006,Kumamoto Ken,612
2005,Kumamoto Ken,609
2004,Kumamoto Ken,607
2003,Kumamoto Ken,606
2002,Kumamoto Ken,606
2023,Oita Ken,899
2022,Oita Ken,854
2021,Oita Ken,822
2020,Oita Ken,792
2019,Oita Ken,790
2018,Oita Ken,762
2017,Oita Ken,737
2016,Oita Ken,715
2015,Oita Ken,694
2014,Oita Ken,677
2013,Oita Ken,664
2012,Oita Ken,653
2011,Oita Ken,647
2010,Oita Ken,643
2009,Oita Ken,631
2008,Oita Ken,630
2007,Oita Ken,620
2006,Oita Ken,613
2005,Oita Ken,610
2004,Oita Ken,607
2003,Oita Ken,606
2002,Oita Ken,606
2023,Miyazaki Ken,897
2022,Miyazaki Ken,853
2021,Miyazaki Ken,821
2020,Miyazaki Ken,793
2019,Miyazaki Ken,790
2018,Miyazaki Ken,762
2017,Miyazaki Ken,737
2016,Miyazaki Ken,714
2015,Miyazaki Ken,693
2014,Miyazaki Ken,677
2013,Miyazaki Ken,664
2012,Miyazaki Ken,653
2011,Miyazaki Ken,646
2010,Miyazaki Ken,642
2009,Miyazaki Ken,629
2008,Miyazaki Ken,627
2007,Miyazaki Ken,619
2006,Miyazaki Ken,611
2005,Miyazaki Ken,608
2004,Miyazaki Ken,606
2003,Miyazaki Ken,605
2002,Miyazaki Ken,605
2023,Kagoshima Ken,897
2022,Kagoshima Ken,853
2021,Kagoshima Ken,821
2020,Kagoshima Ken,793
2019,Kagoshima Ken,790
2018,Kagoshima Ken,761
2017,Kagoshima Ken,737
2016,Kagoshima Ken,715
2015,Kagoshima Ken,694
2014,Kagoshima Ken,678
2013,Kagoshima Ken,665
2012,Kagoshima Ken,654
2011,Kagoshima Ken,647
2010,Kagoshima Ken,642
2009,Kagoshima Ken,630
2008,Kagoshima Ken,627
2007,Kagoshima Ken,619
2006,Kagoshima Ken,611
2005,Kagoshima Ken,608
2004,Kagoshima Ken,606
2003,Kagoshima Ken,605
2002,Kagoshima Ken,605
2023,Okinawa Ken,896
2022,Okinawa Ken,853
2021,Okinawa Ken,820
2020,Okinawa Ken,792
2019,Okinawa Ken,790
2018,Okinawa Ken,762
2017,Okinawa Ken,737
2016,Okinawa Ken,714
2015,Okinawa Ken,693
2014,Okinawa Ken,677
2013,Okinawa Ken,664
2012,Okinawa Ken,653
2011,Okinawa Ken,645
2010,Okinawa Ken,642
2009,Okinawa Ken,629
2008,Okinawa Ken,627
2007,Okinawa Ken,618
2006,Okinawa Ken,610
2005,Okinawa Ken,608
2004,Okinawa Ken,606
2003,Okinawa Ken,605
2002,Okinawa Ken,604
